,cotyledon,dna_damage_response,hormone_response_aba,hormone_response_auxin,hormone_response_cytokinin,hormone_response_ethylene,hormone_response_ja,hormone_response_sa,hypocotyl,leaf_epidermis,leaf_mesophyll,leaf_vasculature,oxidative_stress,root_columella,root_cortex,root_endodermis,root_epidermis,root_lateral_root_cap,root_meristem,root_pericycle,root_phloem,root_stele,root_xylem,shoot_apical_meristem
OSD-251_Atha_Ler-0_sl_FLT_uG_Rep1,0.041698498928496815,0.015183149433707667,0.022407117911495744,0.01790141208221241,0.005180212689954462,0.047026618325992815,0.0014299545446228353,0.056078500396199694,0.07174054970098387,0.0012406069984561795,0.11245281420748253,0.00014609800487938807,0.22361251444970087,0.01929089621519499,0.03970147381910409,0.13743617418621767,0.0010262216785776354,0.0,0.019102034294207065,0.14605771560973158,0.0038311989686121714,0.0012489844444757718,0.009030500112152617,0.007176752997541076
OSD-251_Atha_Ler-0_sl_FLT_uG_Rep2,0.02072346927406817,0.016279555485212552,0.02364990150090582,0.012688874092951738,0.004103635876869498,0.046867841330562154,0.002888743676480439,0.0514709328898138,0.06507772553417056,0.0005711613132183372,0.16049514276096802,6.546927318889988e-05,0.24419333227818832,0.021287611111260527,0.05286130951914787,0.10816441921859467,0.0006935144763733676,0.0,0.011101774922259125,0.13236925463349442,0.00476507718597019,0.001978586895160676,0.010035347086463845,0.0076673196646772235
OSD-251_Atha_Ler-0_sl_FLT_uG_Rep3,0.034436812059968805,0.011957076562042434,0.025932680224120392,0.015685958685772154,0.004869118806192537,0.05682693087733568,0.0030817207634129787,0.047396865341291915,0.07206604005241297,0.0007388733768191611,0.11075987917940609,0.0,0.2818233638141187,0.016795378160600838,0.031880401297507466,0.1364740040077446,0.0006794577807507688,0.0,0.020996790801387236,0.10602660286522421,0.0037596993313638643,0.0011402366824628213,0.009460882743677904,0.007211226586386419
OSD-251_Atha_Ler-0_sl_FLT_uG_Rep4,0.015009095290810504,0.018814611975618022,0.025086149300824045,0.015669369691677842,0.004187340631028784,0.04378707782039601,0.004376813057772133,0.051915444927687175,0.06497009513030633,0.0005456805890209667,0.12807760229305853,0.0,0.25284463774148774,0.01947776546921986,0.03668186181751912,0.1355864685775654,0.0009928355161353238,0.0,0.01514667842232288,0.13903486674429505,0.003694712321495995,0.001799988054062137,0.013357806085408562,0.00894309854228772
OSD-251_Atha_Ler-0_sl_FLT_0.09G_Rep1,0.0,0.01304652496727144,0.005367773154811374,0.014538156646299248,0.0068383959369514484,0.07024324674407738,0.0007983380817331822,0.05794253761631985,0.0543185029031889,0.0007162233057802259,0.2439638523633489,0.0015231450243593716,0.1766217961350258,0.01921263620381599,0.057732448647442695,0.11782839819475334,0.00039340660607289,0.0003800809555767959,0.017284719771429462,0.12366887152953836,0.006523262483635727,0.0004674479557516893,0.003692313628016041,0.006897921144799987
OSD-251_Atha_Ler-0_sl_FLT_0.09G_Rep2,0.01058663354494792,0.009948908387495925,0.013064432934728485,0.010281231005867395,0.005060996542282199,0.04140878292666187,0.00042232666084702494,0.04133684798000326,0.04862987648835865,0.0005384180237940101,0.33535351531963115,0.00032539923048873084,0.2300087922403547,0.021940216200399845,0.03913791170112349,0.08084440030674307,0.00047400283814552527,0.0,0.011983645931017983,0.08206983996198795,0.0036417020263207153,0.0007096472579807473,0.006006038988276072,0.006226433502543264
OSD-251_Atha_Ler-0_sl_FLT_0.09G_Rep3,0.011269269070479874,0.015299530508977022,0.02907467143269599,0.01682392009423509,0.004439645580423149,0.052274323149944756,0.0016912935544468853,0.051261772403532455,0.0755629903174276,0.0007109663915114601,0.14699138682978494,0.0,0.22773119351543986,0.02342219034283391,0.04905864001023976,0.12449768022502816,0.0008924689230623203,0.0,0.015676362575975045,0.1266801126143297,0.0042949954737928325,0.0018359436610772414,0.012083847369272031,0.008426795955489891
OSD-251_Atha_Ler-0_sl_FLT_0.18G_Rep1,0.0,0.01687559608056277,0.04473372294371402,0.012289719812320932,0.0037179884698128707,0.05751631730822917,0.008228862088807718,0.042580075443908856,0.07118822879952953,0.0012328292668759369,0.1244395377580494,0.0,0.31148243076783927,0.020754304513047675,0.027204532348284995,0.1159755250641342,0.0001487195257130896,0.0,0.006776167913541457,0.1153862185343368,0.003160825932549861,0.002035786193845665,0.006929494718147323,0.007343116516748585
OSD-251_Atha_Ler-0_sl_FLT_0.18G_Rep2,0.040475519613275196,0.014696756299694875,0.02335928884882722,0.019035798635795263,0.0054276909508926,0.04995341929589411,0.0021461929834474926,0.052441758986847734,0.07519451503600498,0.0003911669823318323,0.09410365803203748,0.0,0.2565789263834562,0.01968898780467059,0.03286163604365636,0.13188200362054228,0.0014571717571945917,0.0,0.020896247273714315,0.13374825838875756,0.0037947180287042975,0.00155521230684602,0.011664092301345137,0.008646980426063865
OSD-251_Atha_Ler-0_sl_FLT_0.18G_Rep3,0.05597474937959039,0.01325908004288784,0.02620916779180909,0.021717744090223277,0.005186656363010644,0.058520933389458345,0.001280110932147282,0.051314791676594626,0.08082355575040412,0.000435988111968764,0.12151625021071952,0.0,0.22223167199640065,0.01963204610594878,0.028945956681227465,0.1249653120313457,0.001644103884076141,0.0,0.022458148484768087,0.12169882206655604,0.003343738038281331,0.0012470046149366022,0.009567725673894096,0.00802644268375122
OSD-251_Atha_Ler-0_sl_FLT_0.36G_Rep1,0.059888053050080346,0.012667606215848256,0.025335212431696535,0.017296687699538977,0.003503688021188663,0.040924406601922016,0.0018405449731560281,0.0449492127781609,0.07012919852537437,0.000274573828933126,0.15446509490009383,0.0,0.2564640497535062,0.015810946576629854,0.03903951114748508,0.10558740830942917,0.000914418224402428,0.0,0.015250652161705026,0.11401399975279439,0.0026942917378128027,0.0014968287432293376,0.010564506474717595,0.006889108092295011
OSD-251_Atha_Ler-0_sl_FLT_0.36G_Rep2,0.011623172726620149,0.010993262997875263,0.04056256746347734,0.01420698880312839,0.002401465436892481,0.03763641209919663,0.001967587227705972,0.03458917444398015,0.054083423284636466,0.00038722116086980786,0.08021847215136087,0.0,0.4558613717852293,0.015094925603323902,0.017506481231127653,0.11568999043424616,0.0003354786785047487,0.0,0.0067335207348160585,0.07834024223543229,0.002058398945907794,0.001261273863914087,0.013295844533044016,0.005152724158710389
OSD-251_Atha_Ler-0_sl_FLT_0.36G_Rep3,0.010856658672977507,0.014236880256917281,0.040037453078659586,0.019919559899139256,0.005441230431323321,0.05694752102766912,0.002673187692092234,0.04627201663150704,0.07328845869384612,0.000972246996273782,0.1835702510345252,0.0,0.20691622494941403,0.031069339530995128,0.036346729426351504,0.11420547675506505,0.0005389836052671951,0.0,0.013876603552038432,0.11743917154388638,0.003095723811164934,0.0012503619850109079,0.012302009716903277,0.00874391070897282
OSD-251_Atha_Ler-0_sl_FLT_0.57G_Rep1,0.03786965591038901,0.010497775438558557,0.01832175850045863,0.012543495780431502,0.0045131461928162,0.04414449158778469,0.001049777543855821,0.03907505302130128,0.05798899372598629,0.0001966762824169814,0.17274393005566702,0.0011125847473344068,0.33792668126833464,0.02099555087711711,0.04769758481314297,0.07333979100129641,0.0006295076061025109,0.0,0.013592196627545133,0.08505889842524368,0.006675508484006475,0.00035889830559174713,0.006837012721522754,0.006831031083096224
OSD-251_Atha_Ler-0_sl_FLT_0.57G_Rep2,0.055279340226889205,0.011139121723791176,0.026406310075646026,0.015992929097756365,0.0047073275903887464,0.057167064626701146,0.0011984709565346099,0.04471195586112725,0.07520405252254712,0.0005055949377768894,0.1210391737245553,0.0,0.2888226229622014,0.015180632116105123,0.03859742297239535,0.11732857708053285,0.0007332511834021617,0.0,0.013970531540319337,0.09157649742320606,0.0031160244869900045,0.0012184454724768594,0.00918015455867917,0.006924498859977779
OSD-251_Atha_Ler-0_sl_FLT_0.57G_Rep3,0.004974979631611267,0.017375721747475585,0.03194102436561267,0.012308821172262356,0.005180946568867545,0.06056656877284622,0.0019224896073156714,0.05651793599811795,0.06030589221592206,0.00029309819374757743,0.06514118141574127,0.0,0.33316093203387553,0.01935523435161837,0.022467060749900444,0.1626051485238443,0.0005705558338557826,0.0,0.012117549752348262,0.11370385567335403,0.0031281186830898443,0.0011648983637548176,0.008561595666477656,0.0066363906783607355
OSD-251_Atha_Ler-0_sl_FLT_0.57G_Rep4,0.028343877159274652,0.014289584142040563,0.03492392862158266,0.017230741266421722,0.003940040676057785,0.049176517076524054,0.0048186882446622,0.04631860024811594,0.06675871737038756,0.0006131295347131622,0.17767992345446554,0.0,0.22591416327086272,0.02942082016558642,0.03517364950950178,0.10044329047414909,0.0008270015645756252,0.0,0.012721891901214758,0.1299843466228078,0.0028856635937324748,0.001239355517820989,0.009755115365129127,0.007540954220373511
OSD-251_Atha_Ler-0_sl_FLT_1G_Rep1,0.022685003334762064,0.016291508219012367,0.05302630991106262,0.01532518627099941,0.0037584582299599292,0.053832387515937725,0.00457424761320703,0.05371584617547385,0.06394234880117879,0.001634064979386414,0.12252721782543015,0.0,0.2820300439225748,0.020511275921641793,0.03359304138871163,0.09682487496673021,0.00042234582258316334,0.0,0.0059354504806923645,0.12487404630704084,0.005953320142029562,0.0015441727611463303,0.009954572831289223,0.007044276579149711
OSD-251_Atha_Ler-0_sl_FLT_1G_Rep2,0.07269624760420777,0.011183857385848423,0.031812129907920504,0.01386743856354459,0.004210962802569926,0.053181556084180494,0.001609362220522385,0.036948778498986375,0.06618955899441804,0.00021454127973920457,0.14630138214431596,0.0,0.2867084846094591,0.018314058050832117,0.039719785630562554,0.09336115949203513,0.0009503707723980118,0.0,0.013023451181544401,0.08756503540458974,0.0027770573654879176,0.0012463481858181076,0.011519645367949903,0.006598788453069343
OSD-251_Atha_Ler-0_sl_FLT_1G_Rep3,0.002255426298198651,0.010582371902458601,0.03673398484137299,0.009463271348766318,0.0030235348292738874,0.046851700958380406,0.005922725152581898,0.03649838472480619,0.05319327076263667,0.0003292642486019038,0.27832708734204176,0.0,0.24037756337495642,0.031105759834499525,0.050352980468470296,0.08399798600374525,0.00032313865515780273,0.0,0.006875334941256057,0.08096790672678901,0.004541846691593244,0.0013023450887997918,0.010215882832243584,0.0067582329733697705
OSD-314_05G4_WT_RED_Col0_03g_Rep1,0.03637984045583104,0.015381486493971828,0.03704619241036694,0.015145865765630952,0.0047454841427249745,0.049918524832357904,0.004695879778863665,0.032904228027953696,0.07367901512189033,0.0009755524892709717,0.19649280612713108,0.0,0.2893808355744861,0.021520026521799872,0.016964692440542963,0.08666709105955743,0.0003803001229361718,1.2709684952043881e-17,0.016661554661390972,0.08315344861938653,0.0032821554088185104,0.0007275306699648036,0.005745838813926589,0.008151650461196574
OSD-314_06H4_WT_RED_Col0_03g_Rep2,0.03816858467218957,0.014103630945125699,0.03925828171100813,0.016442749960744418,0.0057971233835957875,0.042331162497557494,0.0037863728952995308,0.032650371840196146,0.07065193449601917,0.0009826732225060308,0.28381418827705446,0.0,0.23045795112633113,0.022110147506385614,0.01988048466654108,0.06673583576276489,0.0002886399894489689,0.0,0.012642863957324517,0.08026786223440321,0.004548512193282854,0.0006080898654121467,0.006786282897999544,0.007686255898809523
OSD-314_07A5_WT_RED_Col0_03g_Rep3,0.01294181087308202,0.0179619711750576,0.05046203245257122,0.01672876121378499,0.004542195695867444,0.041232106966027735,0.004986457669493563,0.036820125986567954,0.07030062748173926,0.001859772537869506,0.2254767390558361,0.0,0.28662046342140957,0.02870851512329036,0.01711940536300799,0.06009026177753814,0.0003554095789009228,0.0,0.0056119989541971,0.09142605029658316,0.004228148438648952,0.0010110789744595357,0.01209464924751213,0.009421417716554735
OSD-314_13I4_WT_DARK_Col0_03g_Rep1,0.02093281705377883,0.013201724423769847,0.03481516706445488,0.011652792440278713,0.0034973452084665763,0.04184754439096213,0.006376625099919654,0.034732255863392174,0.06596716651831783,0.0003661014072902226,0.02256390650014131,0.002728532253157121,0.569208007441765,0.008381568689256106,0.010386512278592547,0.06595962913640291,0.00021320023130429923,0.00017012947750546533,0.009662923614771881,0.063864236964089,0.002834055599964308,0.0,0.005276167340359054,0.005361591002060111
OSD-314_14J4_WT_DARK_Col0_03g_Rep2,0.024736946121942386,0.012934758535928917,0.03146584783025071,0.012631242826149821,0.004507000402747321,0.05056654879908951,0.0034259855459997522,0.030409779470197372,0.06575064978694305,0.00028272696253397436,0.02817623646617908,0.003010210601096921,0.5504416777239705,0.009413144752601436,0.009670925218441227,0.07226168542412222,0.0002660959647378492,0.00038251294931064724,0.008997369807698547,0.06437859246876348,0.00361724202065515,0.0,0.006319779162523933,0.0063530411581161645
OSD-314_15A7_WT_DARK_Col0_03g_Rep3,0.020690605512450125,0.013345822888862869,0.03173366660055487,0.01134255553192523,0.0034409999928312496,0.042996569354868265,0.0059580277653652385,0.03323113881965734,0.060830826262157925,0.0002548888883578681,0.021401108288747698,0.0011469999976104234,0.5696448043687957,0.009868979146106292,0.010052180534613512,0.07174325679497918,0.0004938472211933887,0.00017523611074600164,0.009669847202076708,0.06490108319812274,0.0031861111044733693,9.558333313416242e-05,0.008172374982974214,0.005623486099395517
OSD-314_21H5_WT_RED_Col0_1g_Rep1,0.08553211656735342,0.013848346019544109,0.013953405121125384,0.014575977574940214,0.005470855437898007,0.028529382696065593,0.000926076525049468,0.03670842830805819,0.05257624372466422,0.000837359950380975,0.2879584370629834,0.0,0.21958649256428003,0.019198578044515486,0.01898845984135297,0.08568153395626892,0.000737748357770599,0.0,0.014308790230178012,0.08388385599587855,0.0033385447835821485,0.0007159583218870828,0.006443624896983715,0.006199784019239566
OSD-314_22A6_WT_RED_Col0_1g_Rep2,0.05288082329276411,0.015371747821467977,0.023332309587455954,0.011813373121380434,0.00450990779345101,0.023799099406841797,0.0016732619679522972,0.027497511052745092,0.04723912972184833,0.0005860007578751547,0.3520945337954633,0.0,0.214531813401847,0.02404326638928978,0.022578264494601874,0.06777070039298912,0.0012122172540358792,0.0,0.00861287061615538,0.08166667424701417,0.0034686074271287047,0.0008761285840780674,0.008136505620987253,0.00630525325262737
OSD-314_23B6_WT_RED_Col0_1g_Rep3,0.06978936594936426,0.015132645267610191,0.019973816828767005,0.013400872851073475,0.004979288379653625,0.027092145166678665,0.001423665667582222,0.032758476181931714,0.04907750950586052,0.0006997918803837528,0.3440992835632724,0.0,0.20464898850088956,0.02229701254502077,0.022304095458789835,0.06002769419283697,0.0010227727482531774,0.0,0.012045675349925455,0.08021399843467605,0.003576871453378499,0.0008357838247498257,0.00811701917935,0.006483227069952038
OSD-314_30H7_WT_DARK_Col0_1g_Rep1,0.045069688270686,0.01159167897891656,0.033848107096911946,0.008716511148437984,0.010873729684787678,0.02459903262231258,0.001617913902262197,0.02376985174740319,0.04786328627525887,0.0,0.03611183829849388,0.004273989225142831,0.609571533703731,0.008150241282646187,0.011022038459161717,0.05372822417095935,0.0003856028133724983,0.00020493576095324812,0.0054245057778626714,0.05217772334795823,0.003323464807563757,0.0,0.0038560281337250775,0.003820074491452585
OSD-314_31A8_WT_DARK_Col0_1g_Rep2,0.03920435825745037,0.011641407946291272,0.0344876251796842,0.011278187213015874,0.011821183864781112,0.02988682922486254,0.0008952106961534646,0.02460361855903853,0.05605339760587392,0.0002759010014374057,0.029192674045713955,0.0025926867156358347,0.5668787207194559,0.013758361108916567,0.009399712309611796,0.07489684898064604,0.000666271567301159,0.0,0.007279090250690797,0.06060282901255567,0.003529478236474064,0.0,0.006467041203906737,0.004588566300502664
OSD-314_32B8_WT_DARK_Col0_1g_Rep3,0.032737077930355865,0.01315100469856504,0.03951345396589669,0.01043121053949441,0.011597344505736457,0.030952324116168422,0.0021616141813267944,0.02356443880564722,0.056799256843545566,2.031592275683308e-05,0.02535630319279972,0.004285305306840697,0.5766390251607627,0.011789329975788502,0.010623196009546454,0.0772066012527812,0.0007923209875163717,2.0315922756828187e-05,0.006883034630014038,0.053379071247433185,0.002957998353394453,0.0,0.004114651555683319,0.005024804895189311
OSD-314_JBA1_WT_DARK_Col0_0g_Rep1,0.02343324458258584,0.01497335573051769,0.030860882250993225,0.008890310932339935,0.004738451927948122,0.027752701565136578,0.0013026933756898396,0.029961947640867993,0.05703663920345254,0.0010055878689536205,0.013925868367024362,0.000853226070627201,0.5946477839611275,0.011274773076146617,0.00940072295673304,0.07601330118499378,3.0472359665266264e-05,0.0,0.003971564209705704,0.07023117093851058,0.003473849001839769,0.0011274773076147227,0.008928401381921566,0.006165574105604511
OSD-314_JBA3_WT_RED_Col0_0g_Rep2,0.0038792432030866097,0.02254903722875253,0.053568005080460605,0.01684999460800174,0.004538265214421798,0.03990827611824052,0.00047179984902399305,0.04496327450064105,0.07360826533424394,0.002013012689169274,0.12970751404915107,0.0,0.23159631107436568,0.026458235977808924,0.01640066141845501,0.16666516888936814,0.0003774398792192384,0.0,0.005072472450882896,0.12734851480403078,0.003137843440334531,0.0012057107252836804,0.019021771690810832,0.01065918177424702
OSD-314_JBB1_WT_DARK_Col0_0g_Rep2,0.05093720876137006,0.015210923282518763,0.027274758989344002,0.009464067709513172,0.004720631363540306,0.03283917470288907,0.000600531204057512,0.031007174447473276,0.058593601530062274,0.0012694773554126095,0.03053131048071388,0.0073127977000415016,0.5278339878363293,0.012238673905474865,0.00947927103113488,0.08570872564237822,0.0,0.0,0.004794114084711896,0.07377411816933763,0.004256930054078237,0.0,0.005990108718952922,0.006162413030665607
OSD-314_JBB3_WT_RED_Col0_0g_Rep3,0.034803815764471925,0.021307329167796603,0.04718051458583534,0.01934262738738938,0.006014016717490638,0.03924791584804092,0.00047042155305522217,0.04005962362586175,0.0817611107114065,0.0022912296819396836,0.1205902591377081,0.0,0.21758687886675762,0.027625736301970048,0.015837525619526737,0.15214908858130077,0.001247078313197444,0.0,0.00641372130505393,0.1289047294891591,0.003431310151697107,0.001475832323310585,0.021307329167796592,0.010951905699233983
OSD-314_JBH2_WT_RED_Col0_0g_Rep1,0.035756053142587584,0.0248159647178857,0.050224352996675874,0.01795921054075106,0.0056280238285921136,0.032155434389090624,0.0011190222817083406,0.05042182751697731,0.07844126778642033,0.002312646048863973,0.1362310890719795,0.0,0.21099786800656792,0.03101447049401542,0.016269706311505084,0.11727792344571088,0.000969819310813923,0.0,0.006816527885962126,0.14807297780605805,0.004399293480049594,0.0017882414893967001,0.017586203113514935,0.009742076334872906
OSD-346_Athaliana_PhyA_Sample_112_0G,0.003807048326972013,0.025351101414145916,0.044098309787425904,0.017256949324235007,0.0032810745449561494,0.03674302562939442,0.013975874779278844,0.03291093093185021,0.07319384360211337,0.0012022257874648404,0.10015208712797447,0.0012105745776555764,0.44560276177979524,0.03766974134056524,0.03025601565119868,0.03755285827789486,0.00046753225068077507,0.0,0.005192947498632891,0.06108809782555758,0.0052430402397772545,0.002450369920978707,0.01200973468936239,0.009283854692089664
OSD-346_Athaliana_PhyA_Sample_115_0G,0.009246198583343896,0.029223859127793156,0.08187889237128111,0.015555016565185055,0.002809531150282029,0.04225345443429773,0.026785249224879848,0.02958688843372847,0.06819426592580632,0.0018719685079968968,0.04888899879148071,0.0,0.4494408033365025,0.03558476392309461,0.02485172357370257,0.04667294163698844,0.0005650630066297902,0.0,0.005113978048827972,0.05379936475132755,0.005153437755994859,0.0024543937857800725,0.012287752811767198,0.0077814542533092244
OSD-346_Athaliana_PhyA_Sample_117_0G,0.0,0.025549434460611174,0.026864786462130735,0.012651548226629734,0.0027608448371117035,0.03827070099120835,0.00843126689313236,0.0322191522068322,0.06095238921529108,0.00017104223906688672,0.16378533827166158,0.0033650701381630977,0.39633461439425804,0.028156899028994445,0.03453379989855212,0.044545348348280306,0.0015542533897813994,0.0,0.008099717625375983,0.08688759829118886,0.004750140443650105,0.0017383097122555156,0.008170985224987158,0.01020675970083721
OSD-346_Athaliana_PhyA_Sample_119_0G,0.003172418358587301,0.031305063274271044,0.041434878805451256,0.021136559714327596,0.004552291384476899,0.04977859700872759,0.014998059150557028,0.034019673292493106,0.09479856647957421,0.001557837958200597,0.11436181302419597,0.0009027206711427285,0.33486638229532645,0.046025858218691366,0.038507484629031245,0.05680692223405303,0.0012431753242594147,0.0,0.00742810152254588,0.06985768393685939,0.004023554991379035,0.0029531861955955085,0.014843307035504004,0.011425864494749383
OSD-346_Athaliana_PhyA_Sample_132_0-08G,0.0,0.028590888528573086,0.03673495980640908,0.0151237136410537,0.0036180469847066914,0.04155902245268466,0.006487532524301609,0.03491900518956394,0.07453731278455153,0.0010368962239695832,0.24304219067893143,0.003631909233690224,0.2557677352458308,0.05144280597795625,0.05647480235898511,0.04097680799537551,0.0004491368670670398,0.0,0.005822144573091257,0.07240252644108469,0.007069746981610808,0.0007624236940953243,0.008109415655377112,0.011440976161090423
OSD-346_Athaliana_PhyA_Sample_134_0-11G,0.0,0.04354464660313359,0.04260446847184633,0.02617252635745629,0.007301203145672274,0.04402744077865948,0.008842756478053162,0.0414186582161687,0.11504053494723991,0.0033677011261244753,0.15251778574215635,0.002574902269471387,0.22310172953249158,0.06533814508783749,0.057715079158481265,0.043485356090349654,0.00037945928181682396,0.0,0.00584999726134298,0.07985585064663361,0.009079918529188727,0.0011349898161486164,0.011366838307995591,0.015280012151731784
OSD-346_Athaliana_PhyA_Sample_137_0-08G,0.0,0.03547670806004684,0.0345203996902494,0.0150793502700988,0.003638636724107367,0.03910368248696155,0.011009208549863255,0.030310310403702075,0.0787904798335557,0.0013481615554705448,0.10352232474677267,0.003067184161667387,0.42921141101356264,0.04667251336499258,0.040619781122006274,0.040818040174281256,0.0004291725366895859,0.0,0.003739709966443687,0.05764673502327796,0.006227666700876085,0.0003440377671832633,0.00828606215537914,0.010138423692811984
OSD-346_Athaliana_PhyA_Sample_140_0-13G,0.004969407043606653,0.03778067159970413,0.06827089574022484,0.014474620174063856,0.0031457324313677814,0.051086269586435376,0.007906840976140599,0.03173363864886541,0.07122533363184733,0.0012965518804961896,0.06715288543015767,0.0029119279939011965,0.42800382022280853,0.04140464038043523,0.03715365060831663,0.042478015297895105,0.00010627474430295861,0.0,0.003946335505116779,0.06163935169571981,0.006344602234887035,0.00037196160506044687,0.006557151723492977,0.010039420845153448
OSD-346_Athaliana_PhyA_Sample_152_0-25G,0.002666754377753083,0.03020972226790508,0.03764829709769077,0.0161801653185304,0.00366868486503035,0.04583325953794811,0.003706636777427194,0.03437178199409468,0.07990142623286786,0.0014016906311909057,0.1296740942776107,0.003301816378527308,0.37892876088692784,0.040937462838752436,0.04469470216604214,0.042000116385864546,0.0006628934031985866,0.0,0.008248215627585482,0.06731404195457409,0.005945799608842298,0.0004617482674951983,0.011986478998676747,0.010255450105464149
OSD-346_Athaliana_PhyA_Sample_155_0-39G,0.0008134932906305068,0.022875319895092797,0.03420014943760313,0.012012955716434062,0.0025129142059887605,0.03716995713558983,0.01049183470039207,0.03248401290668396,0.06218766175840474,0.0006886833611091786,0.20138973627773335,0.0008246370343377799,0.35018471683840113,0.024109489510672637,0.03287404393643831,0.04238522919059078,0.0009071007377715383,0.0,0.008432099405165537,0.09806494462395157,0.0029698076979866985,0.0038278759634462925,0.009544616485274373,0.009048719890300988
OSD-346_Athaliana_PhyA_Sample_157_0-25G,0.009924700271987358,0.01904427665295547,0.024695627041840647,0.009669228268106254,0.0021134502139255476,0.04059682388947094,0.006797103618412531,0.023758896360943225,0.051884041515490927,0.0,0.22326704824033983,0.0021521580933014724,0.39691059512074284,0.02574848136086581,0.032545584979278376,0.038297575854540813,0.0012076858365288844,0.0,0.0064100248246533095,0.06662400198184343,0.0034682259920829355,0.0008902812256462965,0.006046170758519602,0.007948017898523424
OSD-346_Athaliana_PhyA_Sample_159_0-34G,0.032462019619621085,0.02477556840485141,0.036606495690292624,0.016121464186797194,0.0028025421887580637,0.041499533518222,0.007266526326551827,0.028134967510593967,0.07207189114086289,0.0011100623132018579,0.10333803770925498,0.0036880359747825968,0.4335998334906531,0.03572100190426808,0.03616831319823924,0.03538323623331013,0.0006098039681076175,0.0,0.005221674696969423,0.06020444864775062,0.005084742668202747,0.0004199248882178282,0.008654104218054213,0.009055771502436511
OSD-346_Athaliana_PhyA_Sample_172_0-64G,0.011253392200635698,0.024865764292886963,0.049970123737520425,0.014658041279035992,0.0030913632704548675,0.039534179274172805,0.009886138244105638,0.026940504742856666,0.06853905076474932,0.0006182726540909776,0.1016664315294157,0.005892262877913975,0.4503708252764247,0.03325808941301443,0.03892213084143173,0.039285210420176374,0.0005269840742923051,0.0,0.006722159057901863,0.05184776384474297,0.005954505091413063,0.0,0.007842518900885498,0.00835428821187803
OSD-346_Athaliana_PhyA_Sample_174_0-88G,0.014196900367136677,0.02611224073541177,0.036796677112617054,0.016969398952031898,0.003770977544895978,0.04835863656630754,0.006688148853211707,0.03380835528458626,0.07833672220623532,0.0008206026607132164,0.1213068927461255,0.0048461409539229195,0.3704649449294979,0.04181278875252584,0.046318988334477014,0.04322394072687359,0.0009202133883142384,0.0,0.00800048066128875,0.06963264196109804,0.008941248644187324,0.0,0.008451100619483861,0.010221957999057653
OSD-346_Athaliana_PhyA_Sample_177_0-64G,0.0028115280166135744,0.024459917871808613,0.044089871169621986,0.013061577349909322,0.0031479341095105202,0.043695204803653485,0.0070852009509579945,0.027946137437863543,0.0679671863107152,0.0008344374594762313,0.1259511929260753,0.004767319119079618,0.44972545629383237,0.02836899425854406,0.03489038611526137,0.04299984025408974,0.0002856632744152857,0.0,0.007899591864861232,0.05148516712241238,0.0051964404852516966,0.0,0.005988905489934441,0.0073420473161121035
OSD-346_Athaliana_PhyA_Sample_180_1G,0.010948093127083782,0.014680155087315313,0.08008327379996469,0.006615806762955109,0.0013658439768681628,0.03067280087115236,0.013941212154517492,0.01703570241460941,0.03475432681765291,0.00016859636589465715,0.05328925640999649,0.0,0.6227217037765409,0.017515881937727115,0.01604333140016614,0.02924826828590302,0.0003030466323676233,0.0,0.004264705542356548,0.032049315504089786,0.003083819604022629,0.000682921988434078,0.0073734233438741605,0.003158514196507602
OSD-346_Athaliana_PhyA_Sample_212_0-42G,0.003081379659948924,0.02371081824360945,0.0775634035970586,0.013036127600147432,0.0033539249529734947,0.045785120230016615,0.0018169686201637502,0.03189028828198357,0.05386191909636095,0.0011225381475258322,0.052366031232363136,0.00041068468811920325,0.5335374864894074,0.034217501514659056,0.027130079396965538,0.033564139510832834,5.724695652569096e-05,0.0,0.0031236926278157533,0.04032176937897631,0.006048265406846448,0.00040446219284467666,0.006913192250006587,0.006682959924848845
OSD-346_Athaliana_PhyA_Sample_215_0-65G,0.0,0.021041878519018387,0.05670945669046058,0.01203531688019612,0.0020822692284445206,0.03402866291747504,0.012339188705399715,0.0275277984602499,0.05093091050626039,0.0002729864921501269,0.13606815762014227,0.0,0.42339474311705405,0.0366439532163587,0.03361519797498486,0.03738121600537734,0.0009285525937369919,0.0,0.004732430064646655,0.08439666332130905,0.004617855442028895,0.0017634528872475,0.01000784421039487,0.009481465147064
OSD-346_Athaliana_PhyA_Sample_217_0-42G,0.0,0.023904366963494513,0.050014292886985924,0.013389040274803986,0.0029645307197603793,0.039810339227941915,0.015315660895742338,0.024118435921376576,0.06680897567354958,0.0009367138641868667,0.11710653152500562,1.2973876235133594e-05,0.4593919836148593,0.044500395486993895,0.027692738824194887,0.03762424108229801,0.00046186999397580266,0.0,0.00571283016893285,0.04571993985310976,0.004845742773875293,0.001647682281880116,0.009237399879516004,0.008783314211281305
OSD-346_Athaliana_PhyA_Sample_219_0-58G,0.0,0.028235050588035923,0.03969398854068295,0.020904742389047336,0.004981652430034154,0.049168227066295776,0.006744565961210574,0.031129640869870818,0.0781482507916998,0.0020154082433836815,0.17704201307285689,0.002047254423301683,0.29951332212903853,0.06744565961210598,0.047644159884504524,0.04091096755897882,0.0006551214154565253,0.0,0.008932095224627418,0.061918072669191374,0.006482972340455379,0.001626429902956362,0.013022812859335813,0.011737592026929736
OSD-346_Athaliana_PhyA_Sample_232_0-68G,0.0,0.025359000355890515,0.06365685430245699,0.01256423199450939,0.0028889088473613876,0.03442196127853547,0.011512409820657113,0.0280750069280981,0.05930548037775298,0.0009768978546189685,0.1531097674896655,0.0007132218850094208,0.3938809884823071,0.050314562069755486,0.04032225141815884,0.033694330870596506,0.0003947935282678398,0.0,0.004380190970562911,0.0580375303599585,0.00517265973168449,0.0013652075475685318,0.010709134667338423,0.009144609219245368
OSD-346_Athaliana_PhyA_Sample_234_0-92G,0.0,0.028996208188160028,0.03650804638367805,0.013818705758990503,0.0034354481849809375,0.0536724684720716,0.005345454825138182,0.03199581593176277,0.07775906227647154,0.0007793852598762835,0.2246031074568882,0.005794114103027598,0.24942037494242214,0.061902161512212506,0.06942681854424164,0.032700851939874466,0.00038969262993814106,0.0,0.005042075694375009,0.06796547118197366,0.009396207162653101,0.0,0.009998692478675847,0.01104983707258795
OSD-346_Athaliana_PhyA_Sample_237_0-68G,0.013362312775202568,0.02901756073615611,0.04422016137593863,0.021946226454061246,0.004649363887141298,0.047015924241994946,0.00391201983455499,0.03301662813247478,0.0841084264429328,0.0006718023590230592,0.12992002206570355,0.0,0.3255851900350683,0.060964015903418815,0.04085090869120406,0.04641171175445886,0.0009913181151438022,0.0,0.008185884435657001,0.06913624581958352,0.006871636934519409,0.0017102285664154114,0.016733613637860974,0.01071879780148582
OSD-346_Athaliana_PhyA_Sample_240_1-05G,0.009751903368511564,0.0217975564770001,0.03992844166470206,0.013546159286635506,0.0032062571939702384,0.035163433135946956,0.014516911897266577,0.024385305579053926,0.058467042948869064,0.00012203747105080054,0.20402446296578794,0.0,0.3593781636134187,0.029399936207685582,0.034348000943016814,0.04358401863844992,0.0008764509284555233,0.0,0.00642730680867391,0.07168037276900247,0.0030065595140690163,0.0024407494210154203,0.012802840144780819,0.011146089022637029
OSD-346_Athaliana_PhyB_Sample_113_0G,0.0,0.016591650894211617,0.02113799217054876,0.012156840262484434,0.0030700277437370168,0.03233801690295835,0.004109023748787508,0.021325833256207606,0.04398416421380775,2.348013570741085e-06,0.299363903556908,0.0,0.35581797650929836,0.02477741320518919,0.0252117957157753,0.042675146648122476,0.0013571518438852707,0.0,0.007771924919135394,0.06806304338170306,0.0029056667937855125,0.0017316600084175886,0.008446978820721924,0.007161441390744094
OSD-346_Athaliana_PhyB_Sample_118_0G,0.0,0.02664219984083734,0.028617582833072794,0.02140658589293537,0.004822424955256726,0.05252594317462726,0.0037470015497416635,0.0310174750643273,0.08120012723956924,0.0007607205563221881,0.23528754746484978,0.0013131485793656812,0.2702746555909377,0.045360227219985214,0.04676393777034164,0.048020485117838005,0.0008558106258624579,0.0,0.010105206596383037,0.0656347884755364,0.004754503477013673,0.0014942725213471467,0.009395804490288926,0.009999550963560502
OSD-346_Athaliana_PhyB_Sample_133_0-1G,0.0,0.02395820611782155,0.033073580716311016,0.01860595832088767,0.004568722861712631,0.043888431934857815,0.0044473316745656044,0.03268733602993433,0.07040688854523329,0.0011167989217519712,0.3291393291260865,0.0,0.19819134488192686,0.04640454017754013,0.04264141337598455,0.04921860860685578,0.0008563596475094256,0.0,0.007482111353239533,0.06874051861257965,0.0031782419907566096,0.0023064325557921534,0.010141681908004607,0.008946162640648245
OSD-346_Athaliana_PhyB_Sample_138_0-1G,0.0,0.02259354353872929,0.04127469159263677,0.016935700897004923,0.004290665766503481,0.04581393497281678,0.00304777769812083,0.022955602236910313,0.06735372558400426,0.0004366319822840034,0.2570076370968585,0.002366891191093876,0.32238715206789564,0.04016149619225929,0.03586002270342204,0.042906657665034695,0.0006182017174911824,0.0,0.00734925118695811,0.0471432848198695,0.0034368557021362905,0.00021075058550832094,0.0083705809474986,0.0074789438549632496
OSD-346_Athaliana_PhyB_Sample_153_0-3G,0.0028728201005230845,0.028776209362525847,0.04470538231295303,0.022515919571278964,0.004925657458450366,0.046808148362466925,0.0025252395937084646,0.031867947572313385,0.07295349974523564,0.0011291565635746146,0.13169268506261572,0.0007585320452584737,0.38584636813576517,0.03159910077146229,0.03865632929380346,0.051772212506753075,0.0006413916534590457,0.0,0.008161420740122449,0.0661171096664507,0.0034950084110642113,0.001089789710592791,0.011219553099803594,0.00987051825981868
OSD-346_Athaliana_PhyB_Sample_158_0-3G,0.015173127035357482,0.020596873574705066,0.020560560327923152,0.01584710089562992,0.003398919898787718,0.04560943795809161,0.0026072911189418254,0.0286656770096477,0.055922400044156904,0.0,0.2196486620747356,0.003021262132255747,0.3144727171314279,0.021816998666577575,0.04268985291682523,0.07621424234589376,0.001297593351673944,0.0,0.010511474501806466,0.08167575466189461,0.0034642837429951813,0.0008933058708352401,0.0066598494598041425,0.009252615280033242
OSD-346_Athaliana_PhyB_Sample_173_0-76G,0.0,0.02284492775234827,0.05486983765567746,0.020284524567380807,0.005268412761972959,0.050481386077008146,0.01679874284771333,0.030219570185325503,0.06827363348651597,0.000881096617088577,0.1644751533024849,0.0010786620956625675,0.3709992044393948,0.03136635830808255,0.029265805806002812,0.04377664957712643,0.0006222177141295665,0.0,0.006861804840127145,0.05841806823351486,0.004274908200178497,0.0014192922311349594,0.009787439225906662,0.0077323040752232475
OSD-346_Athaliana_PhyB_Sample_178_0-76G,0.0,0.024142116252167712,0.04786746333956117,0.021631336161942263,0.005285852821527243,0.05583690297817145,0.006160051557395177,0.030698606771177462,0.07239585345176354,0.0004391323882499514,0.1781603470230145,0.002520945191805323,0.3443462043849539,0.031308512865969064,0.04141262383635,0.050235932007668495,0.0008091420857568945,0.0,0.008728433889906528,0.05693473394879632,0.0044828097967183015,0.00019313693001730416,0.008426869209704,0.007982993107383457
OSD-346_Athaliana_PhyB_Sample_213_0-5G,0.009278996911629048,0.022522726822547055,0.08703085982890761,0.03284413917606787,0.005942378917550325,0.061117644848262924,0.0013661917885209327,0.028756671060818303,0.07622350527418531,0.0012706694358276204,0.053072663446428005,0.0,0.3959734736648021,0.047394637086331265,0.017160701733860285,0.06080664183949385,0.0005575839657214518,0.0,0.008445212654786476,0.06308362815369545,0.0026157574487534747,0.0012551192853891393,0.013850741140533187,0.009430055515888276
OSD-346_Athaliana_PhyB_Sample_218_0-5G,0.01684908326548912,0.02241881404974521,0.031107594073184718,0.016590026019709762,0.004041293034157906,0.060235990788615114,0.007409037229289443,0.03145991192744462,0.06760357885857995,0.000605157726140552,0.2134631705221869,0.002849629703572928,0.28865194553718637,0.0519668835033382,0.05063014811511675,0.044081180941814645,0.0005512738190184732,0.0,0.008607608753095302,0.05786302641727627,0.004922087669807712,0.00045075960765602566,0.008833852081075915,0.008807946356498009
OSD-346_Athaliana_PhyB_Sample_233_0-8G,0.0,0.022844589031960353,0.08797489410173899,0.015490351491774202,0.0030907114615416004,0.03734609682696154,0.008085521948497314,0.020972684917604022,0.05348954508590673,0.0008646633255503441,0.16873199576253653,0.0021524597678593722,0.3854742693671555,0.05849355411887891,0.035662762905943335,0.030217223664179452,0.00012877964423090244,0.0,0.003765271502751134,0.04441977871364468,0.003955374787091987,9.198546016490136e-05,0.00969526750138361,0.007052218612644631
OSD-346_Athaliana_PhyB_Sample_238_0-8G,0.021986252215841835,0.020990355218720547,0.03987066092083954,0.01919333502601042,0.004254880069191073,0.03841565424867745,0.007599656363364391,0.02314098261064137,0.05622934151383295,0.00018781759433482873,0.23283816731765178,0.0,0.28548274338899465,0.03864173098259904,0.03728527057906947,0.0544381181604542,0.001815570078570371,0.0,0.010843954109128213,0.07968915028769713,0.0027129208070591697,0.001582537137451179,0.013796477608548713,0.009004423761321713
OSD-498_GSM3072467,0.0,0.012088962144706032,0.01985913801393255,0.004306654853357391,0.001868239006808558,0.011694690925736691,0.012592416162774553,0.029964612641669733,0.03463521015869113,4.3673119639676936e-05,0.529334385262425,0.0,0.10341632978381403,0.01794237331863544,0.057684912190744765,0.05038179607322029,0.0008103789977585231,0.0,0.003598988562899598,0.09492837810569459,0.0030328555305333777,0.0013708506998010804,0.005908002573479013,0.004537151873677927
OSD-498_GSM3072468,0.0,0.012746314225858889,0.018481454510101247,0.005230335760445947,0.0018930169642364682,0.01953313060134371,0.003028827142778346,0.03254586943698404,0.03480346744618456,0.0002748380185113713,0.529053837402463,0.0,0.07603851845481205,0.018803968511415588,0.0608710121611149,0.055851011618917354,0.0009927822301329043,0.0,0.005534153297916,0.11140755393228699,0.0028184919245298565,0.0013461453967903742,0.004921844107014819,0.003823426856161563
OSD-498_GSM3072469,0.0,0.01122354347817756,0.023251848076429327,0.004181883677528386,0.0021124979401947516,0.010505006763825602,0.02200159419345689,0.033325732811643735,0.03293772298589368,1.1496587429637092e-05,0.5117514284509883,0.0006466830429167594,0.09424327545440263,0.016253300478641257,0.060170264459832826,0.05262562895913715,0.0008679923509371714,0.0,0.003908839726074641,0.10832659505570096,0.0023999126259355336,0.0009125416272269874,0.004375888590403415,0.0039663226632228
OSD-498_GSM3072470,0.0,0.011677901185786214,0.022729851219235465,0.005177137655786852,0.0017083250199195902,0.01594871373558519,0.00817648692740141,0.033123248477830235,0.033801362226195265,0.00038078695100498124,0.5369704572790512,0.0,0.0724190708189832,0.018061298874722395,0.05638776630635352,0.052945034968500206,0.000985873064930695,0.0,0.004216476512269734,0.11287985780476323,0.002608129801403961,0.001225821006659861,0.005046731165716654,0.003529668997900022
OSD-498_GSM3072471,0.0052682110630838655,0.011521223831245146,0.0345756229707388,0.004410095014242176,0.0029998207278449486,0.017664283010975442,0.007075274385992859,0.028169631296934443,0.03843595004282613,0.0004924008525386925,0.5013692408820192,0.0,0.10121307491584171,0.015369599426329103,0.054582395474374046,0.058048323805350154,0.001118658247515087,0.0,0.007553333466127522,0.09420154174053344,0.004015696273131095,0.0016254008724578268,0.007182837679023165,0.0031073840208752476
OSD-498_GSM3072472,0.0,0.01175477548501653,0.029257967821639915,0.007001276934649341,0.0059989888682153315,0.014945883814177757,0.001002288066433996,0.028255679755205876,0.03541909152413131,0.0005365189061499709,0.5503740647153823,0.0,0.07218439349043383,0.015712339394392,0.0547868344549297,0.05033549627753148,0.0007841430166807272,0.0,0.004362900995065697,0.1014669271960549,0.00670648632687464,0.0013560367957636545,0.005055658923336263,0.002702247237934839
OSD-498_GSM3072473,0.0,0.013066182175121137,0.018096033581117044,0.005795760597363443,0.0016575646678850054,0.007258990097289522,0.0010174017616673512,0.03269403413897327,0.03670648378330181,0.00010974221249445664,0.5674358274791453,0.0,0.09691609140916622,0.015192437542201214,0.056128569098726835,0.021239690709864336,0.0004664044031014392,0.0,0.00790296349699657,0.10521534622905943,0.0032465404529609856,0.0011431480468172494,0.005189892132550302,0.003520895984197123
OSD-498_GSM3072474,0.0,0.012603774621211282,0.018058544765657512,0.005115923277982438,0.002258979109758481,0.00741476672497195,0.0009700322059551005,0.030536082318970502,0.034934447526794365,0.00012756587913930107,0.5747374379721988,0.0,0.10109595921789714,0.015254753047074906,0.054069329397689714,0.023772433102105243,0.0004624263118799745,0.0,0.008779012932433933,0.09600661216473537,0.0035346379011515043,0.0010098965431861425,0.005687312111627229,0.0035700728675790885
OSD-498_GSM3072475,0.0,0.010318734235267139,0.016037550799391124,0.004558476971403155,0.0015333058903810566,0.012162845373698414,0.0013571829164859388,0.025972958562062973,0.027205819379328824,0.000240356058492166,0.6316943997038372,0.0,0.06710630644568645,0.015540262402510753,0.04789508872453815,0.03656105734564015,0.0005760257263863989,0.0,0.003204747446562223,0.08633133773341473,0.0026418446084268314,0.0012328608172658582,0.004340913297768003,0.0034879255614524147
OSD-498_GSM3072476,0.025700620755398702,0.010012513089753351,0.015885295996831916,0.00504606164278701,0.0019596355894318488,0.014868735034814149,0.001102295019055424,0.029039349890893202,0.03188082149556938,0.0005095052532522806,0.5763435241188275,0.0,0.06178567710512834,0.017734702084358227,0.054183924047790606,0.03658394691020575,0.000671175189380408,0.0,0.004515327003982552,0.1025991708291912,0.003221151000128606,0.0005266520646598096,0.0034293622815057346,0.002400553597054015
OSD-498_GSM3072477,0.016760604518897496,0.010803647498606746,0.01636798098766054,0.004602275829731394,0.0018201090852045063,0.014586874239996113,0.0011310677886627834,0.02724963316134747,0.032475946391720405,0.0,0.5969645780770461,0.0,0.06585328013992306,0.016875011375681776,0.04953296867592263,0.037078222221451726,0.000797381123041975,0.0,0.0025134839748062253,0.0931375820457506,0.002912174536327213,0.000897053763422224,0.00445926725875104,0.0031808573060478802
OSD-498_GSM3072478,0.0,0.01066777525411572,0.015522603229772015,0.004678191456145077,0.0017021337334715482,0.015511897986165254,0.0012311030147750097,0.028368895557859163,0.03290791884711663,0.00040679925705609115,0.5879034315658384,0.0,0.07719908006273275,0.01777070438718725,0.05140657979956215,0.04085120960331709,0.0008135985141121877,0.0,0.004431970853190075,0.0969038651282042,0.002633489927257876,0.0010598191170671934,0.004710307186965294,0.0033186255180891865
OSD-498_GSM3072479,0.038439035750984694,0.007558078237046386,0.020242997801658287,0.005089074540622114,0.0018222474700186793,0.010631350524564933,0.0007175689519244445,0.019855888235488502,0.029684694537506353,0.00032857104640750555,0.6341572262812778,0.0,0.06118219484829556,0.013737668750658953,0.04223270949944845,0.027295945263336577,0.0005513950893735281,0.0,0.00461384247158443,0.07116206829808695,0.0027286503566601,0.0008214276160187845,0.00471140667118819,0.0024359577578488044
OSD-498_GSM3072480,0.0,0.009981795394957364,0.0323079014806442,0.00935582980376988,0.004913493350181306,0.010096219212701311,0.000457695270975814,0.026465555962894374,0.03661562167806341,0.0005061571231967674,0.5927512735819636,0.0,0.057023446113337026,0.017257804040910773,0.05204264463507102,0.03385598842659164,0.0006569273301064337,0.0,0.003535920328714948,0.09927948892489621,0.004590414335374867,0.0007673126601652995,0.004657722463459538,0.0028807878820241053
OSD-498_GSM3072481,0.0,0.012435376086705049,0.01825264057091502,0.005205506268853275,0.0023914184782125054,0.008197560085779626,0.0004782836956424879,0.03380242211761774,0.031511109529190874,0.0003247879979711902,0.570929842826338,0.0,0.08847136081722004,0.014582091278774882,0.055047116505459105,0.0292976570772638,0.0007963979676279798,0.0,0.0040413118469017646,0.11079497423941768,0.0031366512132833873,0.0010789190343563414,0.00545020955499595,0.0037743628074733905
OSD-498_GSM3072482,0.0,0.012768669289931618,0.022258896464880804,0.006418844561965624,0.002346674355987429,0.007569175128626131,0.0004601322266641858,0.03506207567181222,0.03742025333346626,0.0004463282598642782,0.5532783270819259,0.0,0.0945034904863828,0.01695587255257586,0.054261092829376065,0.02782649640751751,0.0006717930509297377,0.0,0.003842104092646089,0.11000611208974417,0.003462495005648127,0.0011618338723271113,0.005153480938639066,0.004125852299089015
OSD-502_GSM3072483,0.0,0.014446491708580252,0.01643344454957425,0.0056172501369453785,0.0028086250684726845,0.010756436432448582,0.0007619142472984391,0.03427120163338479,0.035287087296449374,0.0,0.5570738509038397,2.9878990090138355e-05,0.09533389771425728,0.014924555550022409,0.05508191823116378,0.02354464419102623,0.0008963697027040522,0.0,0.0037547930879936195,0.11564663114386732,0.0038095712364922107,0.0011204621283800612,0.004735819929286388,0.003665156117723221
OSD-502_GSM3072484,0.0,0.01429561902465154,0.00988983213951969,0.004069555780740219,0.00307245664357881,0.019118796246269575,0.0011594176013504619,0.028486890465181484,0.026052113502345507,3.246369283782189e-05,0.5426538141360834,0.00013913011216206406,0.12404995389382677,0.011779682829720974,0.047339020663140496,0.05473610495975653,0.0009553601035128004,0.0,0.0030222152141869377,0.0968461522408064,0.004255062596956301,0.0013217360655395566,0.004313033477023818,0.0024115886108090193
OSD-502_GSM3072485,0.0,0.01414281764626651,0.01697138117551983,0.005855622744769993,0.0030766831370825382,0.009329297254379311,0.00100665669462146,0.03144738800944272,0.032326440334323456,0.0,0.5440294151702693,0.0,0.1071876705822304,0.016574389802993028,0.05160887842848129,0.028384883135664583,0.001153165415434931,0.0,0.005586235741983963,0.11871459864881148,0.003757239775699877,0.0012193306441893941,0.0038564876188315685,0.0037714180390044055
OSD-502_GSM3072486,0.0,0.013874052776300704,0.013034864733867604,0.005835101902525565,0.00423515460667178,0.011403545922408831,0.0013019178976064877,0.03358320745512697,0.030524484683641783,0.00022587491235582044,0.5348425123773701,0.0005490015230870827,0.0979941575780772,0.014274039600264148,0.05667264294038941,0.04757490341494626,0.000834482315092369,0.0,0.004266526122276759,0.11643538016786899,0.005521386746475813,0.001137217440680387,0.003286166259621252,0.002593378623344696
OSD-502_GSM3072487,0.0,0.014790968163071537,0.022905972762068676,0.006171557428122137,0.0031006141886478935,0.015043171231047679,0.0005192416105390895,0.03300893095570127,0.037118357416253744,0.0,0.5277373923191804,0.0010978251194255677,0.11310565825000746,0.013559623772364476,0.05797703468533959,0.028380262884609583,0.0010780444866431266,0.0,0.005301209585694644,0.10669673322849597,0.0035456784262528607,0.0010384832210782458,0.004331958579354954,0.003491281686101134
OSD-502_GSM3072488,0.0,0.016169875379072548,0.011606695208183852,0.005230962634921201,0.004197489773918536,0.017473641142183603,0.001081171608433551,0.03233975075814509,0.03152887205181992,0.00024803348664064243,0.5137155098307119,0.0003338912320162472,0.10064435707918312,0.01416652798697506,0.05948033804632289,0.061881175000344436,0.0011892887692769181,0.0,0.003625104804747828,0.11015230740040766,0.005342259712259959,0.0015979080389348977,0.004857322446712549,0.0031375176087875944
OSD-502_GSM3072489,0.0,0.011181597303527196,0.029155934409888794,0.005954925595653671,0.0033641462780640945,0.010479122314429521,0.0005413568723321298,0.02799588396917701,0.030109753661140663,0.0,0.5364159167513433,0.0002577889868248345,0.14125977181378185,0.014693972249015563,0.049791942805216774,0.024438395950994177,0.0011342715420292724,0.0,0.0037894981063250686,0.09682554345140781,0.0044726389214108705,0.0010569348459818228,0.0037894981063250665,0.003291106065130391
OSD-502_GSM3072490,0.0,0.014443562640839598,0.010356569360246492,0.004379430845173089,0.003908677692434617,0.010470691336667913,0.0015121161875841494,0.034921324784963285,0.02784576224683347,9.129758113715952e-05,0.5345283172286622,1.297416661389533e-17,0.12446903561699339,0.013509188958888986,0.051397685130809945,0.03970018254761132,0.0009586246019401695,0.0,0.0032905169868184423,0.11132598799912317,0.005035632209596425,0.0017118296463217281,0.0037374947278024377,0.00240607166955221
OSD-508_GSM3082835,0.08779047196702883,0.010150379604948877,0.0124489325040378,0.00557952155602657,0.004762091650640956,0.01859090582982509,0.0008549266900363001,0.02694518945000466,0.03767676921703964,0.0,0.46208937583602216,0.0,0.12078464271688705,0.012831399707475082,0.05090563484181232,0.04262634479093411,0.0018398422335284769,0.0,0.008654257897385303,0.08055059278666853,0.003307216406193162,0.0011998971088229135,0.00555702348523614,0.004854583719446059
OSD-508_GSM3082836,0.050208101702285804,0.010420505766552913,0.010825297888450106,0.005493607368604477,0.0040594867081687825,0.016677435422163486,0.0004973160354736511,0.028347014021999097,0.04439991302752122,0.0,0.48107346244531457,0.0,0.1478377932429786,0.013670408230927349,0.048447834246492946,0.035737361618921645,0.0017348233795593086,0.0,0.004232969046124715,0.0800678817112606,0.0034118193131333057,0.001179679898100332,0.006025619871669331,0.005651669054297659
OSD-508_GSM3082837,0.041364168176011726,0.011966350697376177,0.0587301693879641,0.006974601037713201,0.003380289492104685,0.013080524328852022,0.0019387880140935446,0.024939863999476276,0.03020858337543832,0.0,0.5291481250828813,0.0,0.0857011446403003,0.013011281899777249,0.03844213766905644,0.03776859767714718,0.0016240497001173359,0.0,0.004490266612727519,0.0830153776943698,0.0029081820211403374,0.0010701102675191754,0.005168003115489657,0.005069385110443775
OSD-508_GSM3082838,0.01377574546572395,0.015085926600297951,0.03696661661424959,0.006052105748539809,0.0026380973775686346,0.015418459883184752,0.0011416976045779783,0.028974733382203407,0.03870687412802384,0.0,0.5185124973397339,0.0,0.11407369528719057,0.014664717775307999,0.04234257135425287,0.04176618033058232,0.0019434722977606472,0.0,0.003923892738064279,0.0876446889261983,0.002915208446640975,0.0014742308874648306,0.006406807916952397,0.005571779895481096
OSD-508_GSM3082839,0.04460096936314296,0.01210938778316156,0.03350652414308456,0.004739223798484342,0.002924051643178122,0.015715011850413803,0.004605028191671803,0.025588983341145708,0.031811421741242144,0.0,0.5115141007799592,0.0,0.11059601448465003,0.013186484100998907,0.038563579641914335,0.044948465355520516,0.0019587849976845373,0.0,0.005193605414533765,0.08495288203900099,0.0022036331223951084,0.0014337741148916898,0.0060246764532148195,0.003823397639711165
OSD-508_GSM3082840,0.01326116768301579,0.01238584308347679,0.040724476993551785,0.006346103346657717,0.0026697400285939366,0.014880518192162923,0.002439967321214927,0.024727919936976626,0.036369737110845284,0.0,0.5642780030928137,0.0,0.08654771977941823,0.013950485805152743,0.03943337320923176,0.04518863245120055,0.0012254544393545902,0.0,0.003734718291366386,0.07758658419163773,0.002997986753421057,0.0015099349342047696,0.005809967029440083,0.003931666326262656
OSD-508_GSM3082841,0.08094134758978999,0.007338417490906883,0.038730269068883445,0.0042980094562632505,0.0023128302006797784,0.019504868025732803,0.0014647924604305029,0.024525636919708486,0.026192802022698494,0.0,0.5006853365601598,0.0,0.1183205383497764,0.010108995335471199,0.03502974074779581,0.04538929268834063,0.0020558490672709135,0.0,0.007009160413726779,0.06658059940206913,0.002283919823171299,0.000809490570237924,0.004220915116240597,0.0021971886906457906
OSD-508_GSM3082842,0.06379585949150178,0.009767558441989092,0.050783501555104554,0.0048959703823050656,0.0019798445968285446,0.024947992505849316,0.001316645421536188,0.026703519734564283,0.03346229956511689,0.0,0.447714059724987,0.0,0.14665154312468895,0.010728221953258113,0.03339402906177798,0.05282186372622352,0.002425228356706229,0.0,0.007886868623819454,0.06893370251420756,0.0030331609340575197,0.0008582577562606506,0.005013005530886063,0.002886866998331275
OSD-508_GSM3082843,0.0910073312582679,0.011611968494989454,0.017538501908414786,0.004350983849402133,0.0032856656388526415,0.028169256262108647,0.0036893651712713916,0.026890874409449258,0.031600702287668064,0.0,0.42844631375602427,0.0,0.13298161634564457,0.010686823733196472,0.03426960475199205,0.0770281135606784,0.0019811180757587027,0.0,0.016245168221221372,0.06815793772336638,0.0026128330848213923,0.001211098597256265,0.005304163300946413,0.002930559568669479
OSD-508_GSM3082844,0.062578583208763,0.012669802820163025,0.044644911519203634,0.00563349756327108,0.00839457937293754,0.027722152040602747,0.004653758856615221,0.022667590985810122,0.037063069937014664,0.0,0.41681647267345473,0.0,0.13249481554934397,0.010988660266696752,0.03432425491613585,0.08443566308270324,0.001833298943515098,0.0,0.01570550835821029,0.06336014749520893,0.0043308904191945545,0.001402807693620859,0.005733698112815429,0.0025458361847193445
OSD-508_GSM3082845,0.0260506552790458,0.012800029450743633,0.013948608452363436,0.005179649536150782,0.0026174348402297157,0.025301870122220585,0.0026395228979531364,0.026008687969371214,0.02917832425268738,0.00014578118097483082,0.5020217935502873,0.0,0.1634958032690326,0.012170519805625089,0.042309674569282876,0.043458253570902584,0.001254601678692384,0.0,0.0038874981593285283,0.07485642762479752,0.004428655573553236,0.0009387424532469468,0.004384479458106317,0.002922986305404211
OSD-508_GSM3082846,0.023124280321355058,0.021026004436420626,0.02428672170196181,0.0046359269345625075,0.0029406999211777115,0.03990702775386456,0.0040996816548183115,0.03310882146549492,0.05345154562611249,0.0,0.3893209923882001,0.000882209976353313,0.13279278271514247,0.013561816107078378,0.044456463514274784,0.09012380346668153,0.002260302684513064,0.0,0.0061005108168745445,0.0957976244910715,0.004376453412105654,0.0015308937824954532,0.006564680118158476,0.005650756711282659
OSD-508_GSM3082847,0.03693321672402211,0.010863858109041148,0.014105461731523453,0.004907265170978012,0.002301499563495252,0.008285398428582901,0.0012950811103057708,0.023748354817896767,0.030106734967892127,0.0002902229958034648,0.5253504325648927,0.0,0.1897215809663646,0.016250927426307155,0.03325081742242971,0.01962125899047633,0.0008238588267969463,0.0,0.0024705362545994255,0.06594771461093345,0.0032377027757645132,0.0010922370809807816,0.0058122616095049595,0.0035835778514084235
OSD-508_GSM3082848,0.0067920083641844755,0.015475297896241566,0.01851068742492601,0.006070779057368869,0.002983502528194098,0.013594394128467023,0.0015566100147099192,0.031197059044812212,0.041846865895452875,3.632090034323252e-05,0.4925736730548214,0.000324293753064576,0.16811388158867624,0.016759501158377287,0.039965962127678355,0.03885039161713608,0.0014061377132880007,0.0,0.0028364893601381578,0.08521142655524798,0.003165107029910258,0.0015890393900164252,0.006168067183288236,0.0049725042136568405
OSD-508_GSM3082849,0.02142462105584829,0.01009293487427245,0.015275793323223178,0.006129572530957191,0.002096677514952199,0.006632347241175329,0.000684629392637423,0.02604800892300308,0.032370133470639544,0.00024389922112707965,0.5539978255885228,0.00026743335649901474,0.16019614632099066,0.01563950268806181,0.04534599992797128,0.014120481223147342,0.0009028550115406419,0.0,0.002360545093364553,0.07334092368628713,0.0021608615205119643,0.0009681087505264141,0.006819550590724622,0.0028811486940159476
OSD-508_GSM3082850,0.0,0.014876487648764876,0.024127412741274144,0.007050705070507051,0.0026002600260026,0.028102810281028092,0.001125112511251106,0.03022802280228022,0.048454845484548446,5.000500050004875e-05,0.5263026302630265,0.0,0.09334266760009337,0.0226022602260226,0.05793079307930792,0.02540254025402524,0.001450145014501446,0.0,0.0024169083575024193,0.09465946594659465,0.0021502150215021556,0.001850185018501855,0.010326032603260324,0.00495049504950496
OSD-508_GSM3082851,0.0,0.006361036603261055,0.012694772620242035,0.0037947814929325608,0.0013718544605745406,0.0035217756301316717,0.0006142631913020141,0.01923326303432366,0.017765856521768802,0.0,0.6523839099444662,0.0,0.14663144891036534,0.009992014578513071,0.034835548093395306,0.010244545001603794,0.00045955986904818775,0.0,0.005651221359978713,0.0681013124756854,0.001201225796323986,0.0005528368721718003,0.003364797259021137,0.0012239762848907183
OSD-508_GSM3082852,0.0,0.014522374620921279,0.028426070672978677,0.007435190657953616,0.002331092464826466,0.02286901138479045,0.0010495440007512273,0.030315249874330912,0.043760460915533796,0.0,0.5275413234933981,0.0,0.10952083713102546,0.022438145952903093,0.054012848628135504,0.020858306035982665,0.0011931658113803715,0.0,0.003918297602804678,0.09251454170832618,0.0019223226961128255,0.0017455573907231466,0.008639404300920835,0.004986254656200696
OSD-508_GSM3082853,0.03622675635759314,0.00885262363577106,0.010085824938266548,0.005431958118134812,0.0033325797103151427,0.01768322581971184,0.0005211743599831892,0.022916990871374165,0.03625465019657816,0.0,0.5270731728801418,0.0,0.13872535921881596,0.013521171423789625,0.04907113516179895,0.036181245357143794,0.0013555427015525619,0.0,0.006464519526176657,0.07234780974640095,0.002422359701330396,0.0012625632382691758,0.006055899253325973,0.004213437783526191
OSD-508_GSM3082854,0.0,0.010131513873048236,0.01121551924260929,0.00531707661717654,0.00402111489043875,0.016532595859785823,0.0008114900531909184,0.026767059963462764,0.0449953066806625,0.0,0.5264915166991332,0.0,0.1548452213934617,0.01585433551682025,0.04902853336293995,0.039387547059357715,0.0015583838832423278,0.0,0.004868940319145719,0.07167758410125458,0.0030642833351837806,0.0013080735185764616,0.006794715221494389,0.00532918840901521
OSD-508_GSM3082855,0.0,0.010601300757972273,0.025156654700649726,0.004908943579650972,0.0017349417034930824,0.01215131650469768,0.0010893819998677385,0.022560966725656186,0.028606364366897587,0.0,0.633078882688577,0.0,0.09453414909963478,0.011828536652885014,0.037079335476980085,0.03072460714441812,0.0011117972673547402,0.0,0.0036940360818560813,0.07066861380623571,0.0018694333084150305,0.0011969752838053005,0.004122167690857597,0.0032815951600954443
OSD-508_GSM3082856,0.0,0.012406532949667681,0.046114484836245355,0.00784139189851469,0.0028324712861760733,0.012726826024262521,0.002207320947810232,0.02360907265507523,0.038111016924080254,0.0,0.6056600545655914,0.0,0.07440060817094649,0.014031152038877663,0.034252064218118286,0.03452219090753553,0.0011525405415139713,0.0,0.003277537164930356,0.07211610816901698,0.0029791114890026105,0.001389222974146306,0.005549173991173293,0.004821118247315135
OSD-508_GSM3082857,0.014821974142745012,0.011396967814962891,0.025800647138972527,0.004920706103925962,0.0019557544769493573,0.015952274950775537,0.0013989560493480899,0.02426249148272405,0.030526473793238005,0.0,0.580342649112359,0.0,0.0943726934915136,0.013084763048629149,0.03790405295895445,0.044794433500519724,0.001317756278656265,0.0,0.004885906202200886,0.08155704968289168,0.0017747949879789496,0.0011066368748574645,0.004329107774599644,0.003493910133197787
OSD-508_GSM3082858,0.0,0.012421013400193125,0.026763116434295006,0.0061291907367565105,0.0020837215605888624,0.012288874959765536,0.002124379542258889,0.02493350725914381,0.03379694726320961,0.0,0.6188348100086398,0.0,0.08240017618458724,0.011658676243880124,0.0345491199241051,0.041115383963814305,0.00102322587202899,0.0,0.0027511900930051333,0.07575598434667705,0.002347998441444039,0.0012705619271883332,0.0038828372494875392,0.0038692845889308643
OSD-508_GSM3082859,0.04920043683654407,0.007721304960514691,0.017742573100757178,0.0038880329943017235,0.0017836449148909308,0.02281187970097349,0.00029727415248179167,0.022545897564542384,0.025956727314070657,0.0,0.5526764582861782,0.0,0.1344826543139695,0.011085196685966886,0.0327392717930638,0.04265101787712863,0.001199527281944195,0.0,0.007150225667589091,0.05771812360554953,0.001666299854700741,0.0006727783450904371,0.0033717147294648744,0.002638960020277227
OSD-508_GSM3082860,0.002659893604255857,0.008859645614175434,0.045758169673213084,0.004999800007999679,0.0021699132034718608,0.019719211231550737,0.00021999120035193665,0.023089076436942524,0.03373865045398183,0.0,0.5410983560657574,0.0,0.151580603442529,0.013569457221711129,0.02881884724611016,0.040758369665213325,0.0014999400023999055,0.0,0.006373078410196932,0.06233750649974001,0.0027798888044478238,0.0010099596016159363,0.0051397944082236646,0.003819847206111756
OSD-508_GSM3082861,0.038707856511407214,0.008968442566444171,0.04405875149027971,0.006345550247771676,0.007279864394682846,0.022131566354958266,0.0010024412201233963,0.025421130747208,0.03640905441244453,7.785951224249932e-06,0.46750354828506324,0.00023357853672780062,0.14082190447611093,0.014442939521001789,0.0360002919731709,0.05121209417756825,0.0008408827322200572,0.0,0.018939326353011786,0.06526573613735714,0.004389330002676425,0.0014501334155183712,0.004720232929707455,0.003847557563321682
OSD-508_GSM3082862,0.0029546033293252854,0.007452278602904348,0.019579306309056237,0.00435095695756805,0.0018921603513144768,0.02170419226507783,0.00014165906373473259,0.0230297163614532,0.02658131145937504,0.0,0.5909004288559514,0.0008195988687511655,0.1484924271425512,0.010391704175400912,0.02722889575073401,0.0356677285475054,0.001497538673767602,0.0,0.014307565437212148,0.054225065896760884,0.0023070190379663146,0.0003996809298231262,0.0035870098638555318,0.002489152119911025
OSD-508_GSM3082863,0.02098274010177181,0.01239769921846223,0.01298806584791282,0.004975226466993795,0.0016045862236349143,0.019810080232675092,0.0006559629216117324,0.02610732428014797,0.03837887678291565,0.00010091737255565613,0.46817183806529294,0.0004440364392448641,0.20102067830602793,0.016318339142249432,0.04044768292030655,0.03233392616683183,0.001130274572623344,0.0,0.012702133292338458,0.0769797717854537,0.001967888764835243,0.000938531564767606,0.00549999680428321,0.004043422727063249
OSD-508_GSM3082864,0.0,0.01586045803278105,0.012140103679412673,0.006016649624107739,0.002765048052104741,0.0197944212485438,0.0013291218104537455,0.029311882784114614,0.0390429531820798,0.0,0.487463335423272,0.0,0.1740358427759659,0.0181686204625423,0.04427637031074156,0.03475890877517064,0.0013053874924099634,0.0,0.009889299184923966,0.0881255228966944,0.0034652104343973586,0.0013291218104537778,0.00570810348953811,0.005213638530291912
OSD-508_GSM3082865,0.01752444595389942,0.006369034698370307,0.01098954672137019,0.005327274693184657,0.002304128011469436,0.006683605366602836,0.0002532906679274241,0.018277781424316065,0.02572125879470139,0.0,0.6103193886380345,0.0,0.1644428381518933,0.01242758406186175,0.03247840016167026,0.01641486941504276,0.0010948693387833493,0.0,0.004063544909116313,0.055576874943315986,0.0018955946761025206,0.0008824320043925529,0.00415886935403526,0.002794368013909744
OSD-508_GSM3082866,0.06987827820564792,0.006294402455707985,0.017991242423691052,0.005194218566489468,0.0021046996141571624,0.0029994783271277206,0.00031514218821606,0.02432785142246367,0.01754103929766811,0.0002048424223404179,0.6616950485347108,0.0,0.07944584497217841,0.00503101993330616,0.031396040501023556,0.00871705802761876,0.00032189523510638113,0.0,0.003016360944353582,0.0573221130208686,0.001744537113338826,0.0004895958995499313,0.0026787085998363886,0.0012905822945990435
OSD-508_GSM3082867,0.0,0.005376186608795218,0.013556298179978441,0.005983304264468972,0.0022766912087765776,0.006542491578905323,0.0003674659494867309,0.019563567615066103,0.02331811101199589,0.0,0.603048902262046,0.0003914311201054504,0.174077673780772,0.014826452222769574,0.044647112862639636,0.015625291243392698,0.0006976527446777352,0.0,0.0019331904299085354,0.058043643238493384,0.0016775619433090586,0.0008667403373763468,0.00475708636781211,0.002423145029224197
OSD-508_GSM3082868,0.0,0.007442288436036916,0.014080650527646319,0.005898113081393962,0.0018546023589268471,0.0068930714284577204,0.0003581850049429234,0.022366663641993294,0.03000794374744295,9.233213460749599e-05,0.576136600617352,0.00021491100296577907,0.17999459803948112,0.014661706202331549,0.04045898622500069,0.017837613246158908,0.000722737743307124,0.0,0.0015388689101252804,0.06745817593092283,0.0019421586934684576,0.0010864945149936219,0.006172721585183555,0.002780576927260852
OSD-508_GSM3082869,0.0,0.007392244110132013,0.040146196420377464,0.0056023098148678735,0.0015205215044305396,0.006325664705325148,0.0006347808222379527,0.018209352191408543,0.024675259171414197,0.0001623857917352999,0.6103934287882946,0.0,0.15824741443683507,0.012806334030033992,0.03031447484804011,0.01614262393295916,0.0004723950305026961,0.0,0.003360893810763957,0.05230298728347024,0.002421024531326313,0.0009447900610053902,0.0053513499549133385,0.00257356875992614
OSD-508_GSM3082870,0.0,0.008626718409592515,0.013320563545891825,0.004786299661711256,0.0014579367468808445,0.006308243387723461,0.0006685173375941285,0.019095415440853993,0.02649888936038062,0.0,0.6062788475899004,0.0,0.1754929130050329,0.011955081324422929,0.032202622389641306,0.018569135834662614,0.0008012725535702856,0.0,0.0035559432850752327,0.05907132985166974,0.0023042512487287535,0.0009672165735404635,0.005013880031956075,0.003024922421170665
OSD-510_GSM3072302,0.0,0.01553295856027955,0.022378760692887332,0.00304706299785932,0.001917026389381691,0.017576105106857403,0.018837306678819023,0.03712977427855065,0.03671610016294724,0.0,0.41672790500966095,0.0,0.12287130194679077,0.01983617832381266,0.06619794810912252,0.0776799272202612,0.001816130263624761,0.0,0.0036188077104819297,0.12253834473179288,0.0024013277930149614,0.0016143380121109016,0.006457352048443593,0.005105343963300716
OSD-510_GSM3072303,0.0,0.014152449189515132,0.021800624268435445,0.002873053594863973,0.0020616819777959042,0.0215612031355301,0.014923917284432283,0.03504859362253041,0.032029227113113186,0.0,0.4442858156279929,0.0,0.1262015393892101,0.01778366970524598,0.059482850352924464,0.07273081970701935,0.0018976341645089165,0.0,0.0053027347213847435,0.11267424538005887,0.0022745007626006606,0.0013833221012308056,0.006983116376405489,0.004549001525201292
OSD-510_GSM3072304,0.0,0.01623595929324264,0.0203881877801822,0.004276546705111379,0.006700751959462315,0.015651663667834978,0.003853864763327088,0.039085647793227304,0.04194496681117968,4.47545585418552e-05,0.4408075379937195,0.0011810230726325046,0.10645783416115454,0.01597489103508177,0.07127163447791734,0.07062517974342368,0.001277991282806544,0.0,0.005262804569274666,0.12349771793190839,0.0045873422505409945,0.0017715346089487599,0.004941649172330742,0.004160516368150995
OSD-510_GSM3072305,0.0,0.017777738172680205,0.02725028738448928,0.006915050036090143,0.011602313333749184,0.024131385950685712,0.004901130824548397,0.044965647528493385,0.047211256560831937,0.0,0.32411623700086445,0.00010693376344469298,0.11819745319420066,0.018446074194209537,0.08453114000302976,0.09586611892816717,0.0022693720908818207,0.0,0.009505223417306046,0.13963767276486155,0.0062556251615145525,0.0026911663800247795,0.00803785455225942,0.005584318757667296
OSD-510_GSM3072306,0.0,0.01850772171979445,0.023185497539083177,0.005099066188106633,0.004561557786511347,0.014251236269323666,0.002237197130964145,0.03660868032486814,0.03290423053008981,1.7432704916612656e-05,0.5115336712695465,5.81090163886895e-05,0.0959476708937748,0.015398889343000087,0.06078203114255884,0.04746053913545398,0.0008658243441913191,0.0,0.0033315836062843005,0.10766148011412609,0.0075977538928198585,0.0021936153686726513,0.005534883811021722,0.004261327868503172
OSD-510_GSM3072307,0.0,0.01834589228287485,0.026218998256510705,0.005317864618128438,0.0043698330427517805,0.015524017046792763,0.0018219981839269765,0.036869540486132814,0.033121853164721965,0.00025478348588247457,0.44052854735393043,0.0,0.13733619915378312,0.016457235628804166,0.06511791883368416,0.05905940454729263,0.0010902363116831579,0.0,0.005451181558415783,0.11330458625087583,0.007613878589743791,0.002088632064501702,0.005791880405816767,0.004315518733745827
OSD-510_GSM3072308,0.0,0.011104413946587536,0.02161767433234422,0.004277169881305638,0.002955767804154302,0.011162370178041541,0.001309810830860488,0.026033939169139462,0.030542933976261122,0.0,0.523584322453017,0.0005216060830860798,0.18468719090009897,0.016563890949554894,0.046457715133531155,0.02598757418397608,0.0011591246290801177,0.0,0.0019859668644906007,0.07520400593471809,0.00477559347181012,0.0017908475519287708,0.005024805267062299,0.003253276458951534
OSD-510_GSM3072309,0.0,0.010287641929216865,0.013782320967496606,0.003835482448624367,0.0024491634912902583,0.012627055169718172,0.0010743971919338871,0.023082210639612907,0.02756464193499318,0.0,0.542998030271815,0.0,0.18581295091468175,0.01736364494060971,0.04510157674526968,0.026259191583503424,0.0011783711137339917,0.0,0.002064074892030787,0.06896936812737191,0.004551747243246995,0.0019061885663344022,0.006111356070247861,0.0029805857582683327
OSD-510_GSM3072310,0.0,0.010490207809820112,0.013816760400462699,0.003988672171034264,0.0017231063778867998,0.010546049220214586,0.000957281321048196,0.023652825974233176,0.028327549758685334,0.0,0.6715328467153286,0.00033504846236687716,0.07473176179649796,0.013729009612699931,0.04426628375413825,0.018762713892544962,0.0010104636166620134,0.0,0.0020794277584991936,0.06824618084639622,0.002193769694068848,0.0013561485381516519,0.004770451916556976,0.003483440362703257
OSD-510_GSM3072311,0.0,0.009772507067195514,0.010160794574135708,0.0036070820738181657,0.0017781390504737489,0.007860100374134971,0.000754801882650061,0.02024901204417043,0.023805290145117917,0.0,0.6823554173364931,0.0,0.09179068279329923,0.011873614230918572,0.039278728739444574,0.021286864632814116,0.0010257564046270325,0.0,0.0019015201274453972,0.06149458030475126,0.0023369827520511905,0.001444284371609289,0.004528811295900483,0.002695029798949327
OSD-510_GSM3072312,0.0,0.015372707682835657,0.019198733453537998,0.00465455824794406,0.0027864022164563076,0.007926469941510179,0.0013826465543778927,0.03386956330533445,0.03689872026034566,0.0,0.4535010334667312,0.0,0.1786393420994767,0.02086635296187167,0.0626623862087163,0.02855006816482687,0.0009850916926865754,0.0,0.006783059941070411,0.11032675139627951,0.0035041118782708136,0.0015409648621311383,0.006089977571573078,0.0044610580940234856
OSD-510_GSM3072313,0.0,0.014051558934567044,0.020207927564761988,0.0040415855129523936,0.0023340939590306468,0.007691544522711723,0.0012062096298345608,0.03253632988527953,0.03667190575899828,0.0,0.45129993890626563,0.0011122192690683232,0.2089927888506546,0.017341221561388755,0.058947621260619594,0.024202517897331053,0.001274091557054761,0.0,0.007717652956257929,0.09511824509553073,0.003869269851547453,0.0013393626409202533,0.005365283093744919,0.004678631291479773
OSD-510_GSM3072314,0.0,0.01370782498658927,0.018783268916000732,0.003400134794987827,0.0019641555369104436,0.015234584542591089,0.001551517819072099,0.03220224750010316,0.029792443227927318,0.0,0.5286494367495154,0.0,0.0999023424067783,0.0144918366504821,0.05590415801273674,0.05131562659037439,0.0014854957842179832,0.0,0.004500502042556701,0.11382198808852452,0.0022777602024675785,0.0015680233277856506,0.0051992352447629364,0.004247417575615862
OSD-510_GSM3072315,0.0,0.013184664309558143,0.014354988444900952,0.003022102830505461,0.0017184506291109528,0.019051099215833443,0.000518498034645537,0.031198767456100503,0.0313024670630296,0.0,0.5295198214391531,0.0,0.09807019969581449,0.016754893633831747,0.055745945839176726,0.05830880755328172,0.0016493175578248765,0.0,0.0046417919292077395,0.10793647658364112,0.0016147510221818432,0.0015406798743753324,0.005570150315049279,0.0042961265727773715
OSD-510_GSM3072316,0.0,0.015099214036278343,0.01669965201405939,0.005667124642634443,0.004538947051739623,0.011806509672155088,0.0006034438276878939,0.04195246436839108,0.042857630109922974,0.00014692545369793093,0.4745867065697543,0.0,0.11977048145197333,0.01774911954047315,0.06528999848701765,0.034199523017009105,0.00117540362958344,0.0,0.005640887954474107,0.12391587818130774,0.004525828707659457,0.0014298995047387865,0.006204976749921502,0.006139385029520648
OSD-510_GSM3072317,0.0,0.014820905374575859,0.01977510393626015,0.007059559240773122,0.0056142951442368924,0.010478164699887665,0.0008338062095401302,0.037646350360736984,0.03921668538870423,0.0,0.5013769383099211,0.0,0.09244131509768273,0.015425414876492452,0.06489791664254031,0.04042570439253736,0.001324825421824879,0.0,0.0075227849127398605,0.12287524174589755,0.0036687473219765955,0.0020567219835323286,0.007045662470614119,0.005493856469525543
OSD-510_GSM3072318,0.0,0.018640612522899152,0.024136408473859762,0.0050166752783127435,0.003179106580863357,0.010856310770820611,0.0009356944901122465,0.03767579501150829,0.03687538165249659,0.0,0.49640659495514133,0.0,0.09837192916529666,0.01909718634036357,0.06591573112875193,0.03163323782234943,0.0014805768237117743,0.0,0.006110197754709003,0.12507867913006718,0.00477993329888675,0.0016684672835736757,0.00560289351308187,0.006538588003194141
OSD-510_GSM3072319,0.0,0.020406488959454863,0.019443713850690263,0.005733217189034499,0.0036628887596609335,0.009584317624093024,0.0006659797744837922,0.044765423102259255,0.040552377137589975,0.0,0.458860064619342,0.0,0.10228098072760707,0.018169665586460344,0.06761142493129069,0.03726591172872414,0.0013609151913364737,0.0,0.006061381135881588,0.14431492156640371,0.004748725348493221,0.0017807720056849587,0.00683353159905122,0.005897299162458047
OSD-510_GSM3072320,0.0,0.014796143751786504,0.01574721305511526,0.003773094613205831,0.0033209469116233137,0.0073435023257022594,0.0006080607021282023,0.03606267702621937,0.034753007821635526,0.0,0.538024582283086,0.0,0.1041083075643791,0.018085908063300675,0.05999532260998362,0.025273497388457158,0.0014343996050204004,0.0,0.003201413611204949,0.11553153340436036,0.004708572616480008,0.0017618169061663594,0.005566094119481327,0.005903905620663672
OSD-510_GSM3072321,0.007283446589150761,0.01143773784923336,0.018877183384408074,0.003972074003802529,0.002608721870484169,0.007105162079409144,0.0006292394461469131,0.02682133139201312,0.02937761664198504,0.0,0.5961886442380676,0.0,0.09194761406822095,0.01591451432546624,0.04884471200715585,0.02562839827535941,0.001083690157253058,0.0,0.0032685493452632433,0.09605077962330406,0.002739813421764787,0.0012191514269096879,0.005086352189687726,0.003915267664914268
OSD-510_GSM3072322,0.0,0.009361389690790464,0.010412668746975506,0.0027461983508506784,0.0018164957841564416,0.006236158755056748,0.0003003654446242793,0.023314079749409404,0.01930920715441883,0.0,0.7029695653521311,0.0,0.06609946863922538,0.011642736758294022,0.03758858992726865,0.018923023011330267,0.0008105099299385682,0.0,0.0025840963648629638,0.07556336399762568,0.0019595269482632466,0.0011871586620864918,0.004104994409865336,0.0030704023228261073
OSD-510_GSM3072323,0.0,0.011763680250202965,0.010308885147468288,0.0031929210869008503,0.0022012630018906887,0.006919811911884096,0.0003705096141796117,0.027537582206820635,0.025074783006685517,0.0,0.6423329028883406,0.0,0.07861342225564076,0.014395388245037622,0.04756689605570721,0.024704273392505742,0.0011478533145172587,0.0,0.0024482694113437784,0.08972871068102936,0.0019833161700203226,0.0011006315009453465,0.004489704736529525,0.004119195122349904
OSD-510_GSM3072324,0.0,0.016199313809227383,0.019615791073729336,0.005298435079693674,0.0029242729128363953,0.008628052752725214,0.0008830725132822699,0.0379865946697164,0.040563429216671255,0.0,0.47777600841572937,0.0007962129218119002,0.12906370185927782,0.019485501686523733,0.07189078854032455,0.027867452263416095,0.0016310301064995133,0.0,0.003937634813324251,0.11812904439972781,0.004140307193421839,0.0013101321713450183,0.0055517755548156345,0.00632144804590047
OSD-510_GSM3072325,0.0,0.01195722393982742,0.01245039453647733,0.0033570209035116046,0.0020678556596373026,0.007345646255364311,0.00045856213372705024,0.02700325319551474,0.02910571731807484,0.0,0.54049766969683,0.00041530155507360955,0.15963730330856912,0.016655322781597523,0.05648966360574038,0.02691673203820762,0.0014016427483734058,0.0,0.0038184670758156128,0.08604529094181163,0.0029157630012459097,0.0014189469798347987,0.005225877901342809,0.004816344423423009
OSD-510_GSM3072326,0.0,0.011403977254877325,0.014874752941144336,0.00317983699237686,0.0020652549538117734,0.019398644744732026,0.007269369619170789,0.02904469665201956,0.027020418979037376,0.0,0.5746981681789561,0.0,0.06943736827511601,0.011899802352915463,0.05219686032074284,0.05906465258778342,0.0013167366239911053,0.0,0.00558930110515727,0.1009188472271357,0.0016718730578476333,0.0011719502317265248,0.004138705363789469,0.003638782537668368
OSD-510_GSM3072327,0.0,0.007649679350550187,0.011177057520154786,0.0024733807085673596,0.0015552318091749315,0.018878265635466716,0.003503956003803764,0.019843258866460864,0.0181568629288013,0.0,0.6867066717258546,0.0,0.053371308471485086,0.009237702191846275,0.03336253296669836,0.054255104861036164,0.000936886632033092,0.0,0.004159776646226923,0.06663137727019341,0.0014802808786122906,0.0005808697118605181,0.0036725955975697162,0.0023672002236036116
OSD-510_GSM3072328,0.0,0.013114023914468042,0.02529877063035439,0.0078347681052839,0.006520962410737316,0.017271738277088028,0.0007049689092688649,0.030634103511866687,0.033902595727567965,7.049689092689154e-05,0.5343450705316054,0.0,0.0792235515158701,0.012705462387505386,0.051126267942660404,0.05886490392395301,0.0009164595820495691,0.0,0.005928147646124859,0.10585749053499129,0.004646385992908656,0.001329827715211785,0.0050148924682083046,0.004689111381349199
OSD-510_GSM3072329,0.0,0.013591822000049292,0.026415252996362437,0.011177914412840523,0.007103992298692428,0.016426169947792904,0.0007828889472028654,0.037129233218267985,0.03715822910520142,0.0005973152708288374,0.5391881828229332,0.0,0.05396134558312904,0.012598712872579023,0.05719438697620741,0.04507410623803007,0.0006321103351489598,0.0,0.006118132142955517,0.11736085236309227,0.00534974113921941,0.0015657778944056801,0.005654197952020504,0.004919635483040065
OSD-510_GSM3072330,0.0,0.010852604826754795,0.025871534726319527,0.005926933410029552,0.0027954697262724433,0.012848408934213722,0.000685427673268736,0.026570402157887585,0.025145787778152587,5.9134936517293565e-05,0.6591126265185248,0.0,0.04626860790535543,0.013574155882380607,0.0401445580402682,0.03306180541649129,0.0006881156249286059,0.0,0.00338681909144546,0.08196908586795973,0.002876108276068766,0.0006719879149693394,0.004166325072809889,0.0033241002193816465
OSD-510_GSM3072331,0.0,0.014958616106490527,0.021398795738767927,0.0055943774291640665,0.002754898604426364,0.014813621443099662,0.0007008075397225114,0.031862577280141774,0.03246672171093703,0.0,0.5775540205811871,0.0,0.06922689651005902,0.014765289888636042,0.05241557081579637,0.0363574118452583,0.0011357915298950802,0.0,0.004212900497412257,0.10560444650301064,0.003588617918923822,0.0011841230843587028,0.004869404112209759,0.004535110860503061
OSD-510_GSM3072332,0.0,0.015337840133165746,0.025851819139178576,0.006046811835445188,0.003125318476746952,0.01613615517885654,0.0007133879131705111,0.03546557054047627,0.03748683629445935,0.0,0.5372377167057333,0.0,0.07565308964908111,0.020331555525359243,0.05848082345347692,0.03222135407820076,0.0012342743259616611,0.0,0.002649726534633284,0.11529707510955602,0.0036688521248768656,0.0015626592383734777,0.006233651526989841,0.005265482216258452
OSD-510_GSM3072333,0.0,0.016677787609335793,0.02198682893572577,0.006233771885289891,0.003796834883012518,0.019299670723393145,0.0013598978807351897,0.03649965911893123,0.03854494553155687,0.0,0.5197130796791368,0.0,0.08015056789335502,0.02052901840757771,0.0599986944980345,0.032909528713790326,0.0013345131202947506,0.0,0.002748806916259307,0.12118321994807002,0.0036445263203701895,0.001490448077285718,0.00656014737666633,0.0053380524811790135
OSD-510_GSM3072334,0.0,0.012316249503377038,0.011743303431403306,0.005319616084310897,0.0030027392677163707,0.030571064132321267,0.0006105848650231339,0.02677372812245153,0.028312736549359094,0.0,0.653994939673379,0.0,0.030094306087029257,0.012897559751583966,0.049499194948037555,0.028003262028730772,0.0013103876098669398,0.0,0.001589193484306715,0.09167973569203103,0.002208142525563021,0.0013048114923781442,0.004357735817493674,0.004410708933637234
OSD-510_GSM3072335,0.0,0.011279093577230222,0.012209064227697762,0.004701044297317592,0.0026704661797829496,0.02768582349327691,0.0005033786089686779,0.027054467271858555,0.029528701112552038,0.0,0.6438070211362137,0.0,0.0474939139535413,0.011560644324619477,0.050363456419357036,0.02112483789502418,0.0009271267035242194,0.0,0.0013423429572497812,0.09573578595317724,0.0026363388164630424,0.00135656269196642,0.003702818920210221,0.004317111459968636
OSD-510_GSM3072336,0.0,0.013563110455696708,0.011559393991495793,0.004179368994636917,0.0019971035385765007,0.00829260873302958,0.0009654871411660872,0.028171063160052637,0.02675589707642559,0.0,0.5899787725087458,0.0,0.13806025256967272,0.009853259180393998,0.041463043665147914,0.032773659394652606,0.0007406476699356571,0.0,0.005140447518720093,0.07378702411733976,0.002764202911009864,0.0012829075711385492,0.005330018053286954,0.0033417317488763495
OSD-510_GSM3072337,0.0,0.016143238291169763,0.018804847471792743,0.005361792407341928,0.0028930534571988803,0.025844610884310008,0.0017551190973673142,0.04100421100003216,0.03816901861197724,7.714809219197165e-05,0.57483043492237,0.0,0.07032048603298083,0.014580989424282362,0.049991963740396675,0.03292294834292304,0.0006557587836317462,0.0,0.005168922176862006,0.08540293805651097,0.0038188305635025294,0.001620109936031377,0.005901829052685717,0.004731749654440838
OSD-510_GSM3072338,0.0,0.00841190628416314,0.0077900143798865,0.002422105311393277,0.001846037021115957,0.022767789927096802,0.00034040398970931984,0.0214454513516875,0.02158946842425681,0.0,0.6617191710726438,0.0,0.058453474848291116,0.010748910598129083,0.03984035925713374,0.05476576495977316,0.000968842124557311,0.0,0.004818025700501224,0.07373674115549696,0.0018198520988306293,0.0006939004405613144,0.003534964508519917,0.0022868165462523924
OSD-510_GSM3072339,0.0,0.008225429739378723,0.006451317442650023,0.0029030928491924897,0.001839820159570549,0.021767222926867145,0.0003823002928977374,0.021349081981510216,0.02054864074325548,0.0,0.6675679927044362,0.0,0.06417866167021424,0.009007950651403857,0.03861232958267542,0.04717824552041608,0.0010592903949043007,0.0,0.005216806080167575,0.07513395443856613,0.0015411480557441662,0.0007048661650303022,0.0037035340874472054,0.002628314513672214
OSD-510_GSM3072340,0.0,0.010272195641055594,0.017312271857981596,0.007454926794352581,0.0053249477102518435,0.013981083639242631,0.0009535371481148589,0.02630276496877886,0.031763932271618556,0.0001386963124530626,0.6110728366161566,0.0,0.06863816319850209,0.012445517322797915,0.04734250022393675,0.035813369251275116,0.0007875969171442382,0.0,0.0066788879032461095,0.0892238331450338,0.004136122174939803,0.001399346723856882,0.004557164552029485,0.0044003056272313695
OSD-510_GSM3072341,0.0,0.010975056487626096,0.019103492447559926,0.007550216165246337,0.004180973900048036,0.012387247140035938,0.0005115021260696742,0.028221573825324232,0.029644884089170383,9.785258063942245e-05,0.611667585887879,0.0,0.06877109019635753,0.013198978774885689,0.049938174960414174,0.030456615724019958,0.0009162559823509541,0.0,0.004010473191358134,0.09400519508246304,0.003936342448449488,0.0013232337609194599,0.004914868254843702,0.0041883869743389035
OSD-510_GSM3072342,0.0,0.012214971913775534,0.017967455721330555,0.005027989625243311,0.002796547543723224,0.008549031351278248,0.0004709212185026228,0.028726194328659534,0.026828019571002847,0.0,0.6325317207702824,0.0,0.06375548804343104,0.01243232016846905,0.046280688366072416,0.02829874276109547,0.0009370124757898202,0.0,0.004627102844364163,0.09656782956032862,0.002492259987152268,0.0009635772624745846,0.0046295178249718665,0.003902608662052444
OSD-510_GSM3072343,0.0,0.010543823869947754,0.018284189553738818,0.005880209465932399,0.0031913580609708074,0.010393953463769564,0.0005113225622550068,0.030150399360552936,0.027346941174396257,0.0,0.6431908878793046,0.0,0.05005671566351451,0.011487125838245751,0.04972171122617501,0.026200873362445174,0.0008522042704249859,0.0,0.0036086442899375287,0.09835025007787383,0.0023273992488847903,0.0010050133120184338,0.0036057056545222657,0.0032912716650895994
OSD-510_GSM3072344,0.0,0.013077257402087735,0.021052841378139776,0.0059889209783897356,0.0030475024624334237,0.010184058861802833,0.0006847236545340776,0.034303690692644585,0.034969126356910116,0.00016587671630966766,0.5591524085556382,0.0,0.07953724253747657,0.01718559932929228,0.060564289443297156,0.030773988473496904,0.0009412539251060202,0.0,0.003741870112101801,0.10930504085196337,0.0028449785646134872,0.0014658872604110152,0.005824973061106921,0.005188469382244249
OSD-510_GSM3072345,0.0,0.009956201555742847,0.023584840488000337,0.005330422648078809,0.002603036876355751,0.011216270362131615,0.0005554250659740165,0.026759882283045718,0.02661895353496276,0.0,0.6489354352902167,0.0,0.04834685051881124,0.014482501347113031,0.047410088840377465,0.02584799038368523,0.0010666371913729499,0.0,0.003244124514693895,0.0925072882269229,0.0027522555507965276,0.0010859803528745341,0.003904555314533622,0.003791259654310072
OSD-510_GSM3072346,0.0,0.01102426042281696,0.00965330922943478,0.003761618150437029,0.002235821229978636,0.010960056096956085,0.0004909742565831555,0.028491613782025048,0.02496415258472768,0.0,0.6693112134743481,0.0,0.046655143458901066,0.01092228884644969,0.044723978049674006,0.023385481513560166,0.0010272692137739687,0.0,0.0023466051647973987,0.09910126532878281,0.002046984977446658,0.0011179106149893203,0.0038824733520574964,0.0038975802522600565
OSD-510_GSM3072347,0.0,0.012378527794219905,0.017645436208055802,0.004922102625696076,0.0028532678968570947,0.009223554832740457,0.0006551309974656898,0.033084115372016706,0.029437794162438004,0.0,0.6328852773675229,0.0,0.040514680106430064,0.012576791122400309,0.05039336593663618,0.02686037089609261,0.0009539626805201975,0.0,0.00317221325088644,0.10976030250961145,0.0026463844239732006,0.0012326806925998942,0.004654878139887708,0.004149162983949291
OSD-510_GSM3072348,0.0,0.011080379458249015,0.01058260507155018,0.0032845270555403863,0.0025163083170130418,0.00940676006360015,0.0004233042028619945,0.027859687721695774,0.02764019665354511,0.0,0.6148833235128502,1.4258997397822518e-17,0.0969523403888389,0.011609509711826518,0.05212128971906451,0.02383829779450649,0.0009720318732386828,0.0,0.0032557841775682785,0.09083794634749878,0.0027593162853227146,0.0012385567417073481,0.004170330294862725,0.0045675046086591856
OSD-510_GSM3072349,0.0,0.012910126380379612,0.01213139055947008,0.004071943931020895,0.0021579426362553127,0.007524652149029395,0.000516029760843669,0.031158815195669095,0.02752784215118734,0.0,0.6379316276204149,0.0,0.05434887990267368,0.01088353677415723,0.048028297195612815,0.023287015752981123,0.0011571576455282116,0.0,0.005122768171284349,0.10919189739451883,0.0021485602769672476,0.001107118395991856,0.004541061895424224,0.0042533362105901815
OSD-658_CWRU004174_S1,0.004174343732973267,0.005264832404789396,0.034989442975259584,0.0045964683801279355,0.001758852696477526,0.02624208223144466,0.0005159301242999806,0.024694291858544472,0.019511539246257335,0.0,0.026640755509312962,0.0020324520048184778,0.7623571127612192,0.006284966968746361,0.007058862155196471,0.015454452359715674,0.0002626553360073324,0.00024389424057814156,0.000969323263836504,0.04830982072991606,0.001289825310750223,0.0,0.0046121026263188465,0.0027359930834094854
OSD-658_CWRU004175_S2,0.01306312106674847,0.00798636701123571,0.037014002854817964,0.006328819140979239,0.00167124661298579,0.02000016438491275,0.0010958994183513928,0.03353452220155237,0.027260498031490665,0.0,0.03036737288251686,0.0026301586040432664,0.7151656954258073,0.0063562166264380235,0.007890475812129963,0.015123411973248844,0.0006027446800932741,0.0,0.001132429398963125,0.06079502023304301,0.0017534390693622285,0.0,0.006246626684602924,0.003981767886676695
OSD-658_CWRU004176_S3,0.007993042422935248,0.00815278271268482,0.03888018373147289,0.005756678366442884,0.0013361923607973882,0.021087727558749835,0.00065302634174304,0.02364960013020342,0.02244401303775463,0.0,0.02106562512872146,0.0029469906704303285,0.7481337679251546,0.006942172340684176,0.007946828251058153,0.01901813638337943,0.0005693050158785891,0.0,0.000997958204304819,0.05181010529798596,0.0022303361210302313,0.0,0.004634812599858612,0.0037507153987295133
OSD-658_CWRU004177_S4,0.006161346123604268,0.007100172983173456,0.041044189337946235,0.006203805629815964,0.001769146092152854,0.023966032395030663,0.0006840698222991514,0.029202704827803135,0.02283377889605281,0.0,0.030136813964459854,0.0029564396917754372,0.7268752948576823,0.005944330869633591,0.00934109136656707,0.015379776694448595,0.00043403050794152555,6.604812077360688e-05,0.000802012895109357,0.05772133983330712,0.00176914609215285,0.0,0.00607013681396446,0.003538292184305709
OSD-658_CWRU004178_S5,0.008910370623534947,0.0068961688529112245,0.03733473049425146,0.005621028197089902,0.0013879081968123218,0.02687337246077861,0.0003296281967428705,0.025450766559045948,0.01932662164061154,0.0,0.02145706072271845,0.002914607213305876,0.7482791384097233,0.0066793081971592986,0.008171309508732544,0.018493876722524262,0.000478828327900271,0.00026370255739437614,0.0006823881967660631,0.05208125508538236,0.0013358616394318653,0.0,0.004094329180596349,0.0029377390165860814
OSD-658_CWRU004179_S6,0.008124270161206782,0.011178177470005834,0.056110067300421514,0.008091393168648016,0.0017169096114061247,0.02016455543608895,0.0008036598181050071,0.03318749748856308,0.029461438331894463,0.0,0.039751937002811634,0.0028615160190102506,0.6687058519829091,0.010283192672570725,0.009260352904073458,0.01819193588255831,0.0007914831541943236,0.0,0.0009254264572117086,0.06690467985724079,0.002319654474984872,0.0,0.006149215274894267,0.005016785531200876
OSD-658_CWRU004180_S7,0.008901373511117517,0.009257063641172503,0.04795432573919704,0.0088922532513726,0.0017054885723145397,0.025244878974153184,0.0005745763639348835,0.02809040001459242,0.02872881819674217,0.0,0.032978859237911134,0.004256121214332185,0.6934255087584899,0.009156740783977529,0.009202342082702517,0.018121956113309932,0.0007478612990897939,0.0,0.0008998656281729721,0.061753278733378325,0.002252704157014395,0.0,0.004219640175352196,0.003635943551672353
OSD-658_CWRU004181_S8,0.004819070021342,0.009875273937393474,0.04473713946496871,0.006429670702186884,0.0016074176755467213,0.019989273272145384,0.0005570259271696681,0.03235524885531174,0.02781946630550167,0.0,0.03333243148183224,0.0032360553864141904,0.7028181798408608,0.009214800338035163,0.010042381715544366,0.017808914642937983,0.0008169713598487786,0.0,0.0008806314658109988,0.061034126591303715,0.0024190840265653213,0.0,0.005336838883168322,0.004869998106111831
OSD-658_CWRU004182_S9,0.005101495443169978,0.009497985757917233,0.05002354096985524,0.007698753919755075,0.0019950665960573573,0.023414493240844932,0.0009669341171075276,0.036608860054034055,0.03258200784481401,0.0,0.04901254403222136,0.002031785613162682,0.6543981630699712,0.010477159547393233,0.010587316598709285,0.018261591173727346,0.0009057357552653122,0.0,0.0017461932578988497,0.06815049574752984,0.0027661659552697154,4.895868947375894e-05,0.00854329131317815,0.005181461302643849
OSD-658_CWRU004183_S10,0.0033157297073963792,0.00830231693975818,0.043967199568296776,0.006132540838131203,0.00148116452446395,0.02247732129230305,0.0007795602760336382,0.029233510351261184,0.024504178009990493,0.0,0.03608844371185028,0.003135564665824205,0.721214520262937,0.00834129495355986,0.008055456185680862,0.016604633879516287,0.0003811183571719991,0.0,0.0010740608247574572,0.054725131377560944,0.0019748860326186,0.0,0.004434831792546874,0.0037765364483407066
OSD-658_CWRU004184_S11,0.009184483291483199,0.007897731018263665,0.03911624175874972,0.0057788275743392665,0.001977643214329441,0.027353117185205854,0.0010530308024351597,0.03408224084954759,0.025529576039525485,0.0,0.03089232802851232,0.003133408729197292,0.7063525153310157,0.006677756308125375,0.00875813423488751,0.015102002727606497,0.0006164082745961882,0.0,0.0011814491929759683,0.06364415435205645,0.001823541145680394,0.0,0.006164082745961884,0.0036813271955050144
OSD-658_CWRU004185_S12,0.011286336471761983,0.007139722730047012,0.033404468508748494,0.005574558287724395,0.0016294862687194376,0.025214155947553406,0.0009005055695555209,0.029330752836949872,0.021354846363744236,0.0,0.02451090397894819,0.004002246975802069,0.7389577291250661,0.005574558287724394,0.0077615003852162705,0.016466387557585695,0.0005660320722920137,1.7152487039130405e-05,0.0005431620895731472,0.05583134531243969,0.0013293177455342812,0.0,0.005460208374130068,0.0031446226238445304
OSD-658_CWRU004186_S13,0.006899100135630392,0.009689393525847481,0.044394848559923074,0.006372114702263726,0.0017636165897533872,0.020229102193183187,0.000850315141488244,0.02441769159384749,0.02537298391329729,0.0,0.02235593981868351,0.002610432491976247,0.7382135123824082,0.007946772371686393,0.00754785909543265,0.018444490167837495,0.0006578569818920689,0.0,0.0010217778654920454,0.05066198608422528,0.002089045841434075,0.0,0.004500021695283443,0.0039611388484143565
OSD-658_CWRU004187_S14,0.010465286910557078,0.00895371389235421,0.042352677305606164,0.0072178506394061474,0.0015986644391411916,0.023228355694088768,0.0006680985715814143,0.030851837609097908,0.028811750899447586,0.0,0.025788604863041808,0.003563192381767432,0.7113659076457124,0.006979244006698485,0.009114773369431867,0.017155816891679145,0.0007078663436993066,0.0,0.0010339620750663466,0.05934146955439019,0.0018372710718488354,0.0,0.004994832178013274,0.003968823657370422
