dose_Gy,time_h,RRI,RRI_latent,quality,LET
0.1,0.1,0.5562414968312288,0.8821180500431954,gamma,0.2
0.1,0.12080259113562,0.5561233167208138,0.8863397629109351,gamma,0.2
0.1,0.14593266025079774,0.5567857196355145,0.8913955090524062,gamma,0.2
0.1,0.1762904348961046,0.5575295193910872,0.896043878287445,gamma,0.2
0.1,0.21296341327874763,0.5567934745325034,0.8996607169579134,gamma,0.2
0.1,0.25726532141158615,0.5567909295963357,0.9036044887399298,gamma,0.2
0.1,0.31078317435857705,0.5563111823355207,0.9074740743250126,gamma,0.2
0.1,0.37543412743869276,0.5550078617522309,0.9118385496426518,gamma,0.2
0.1,0.45353415395334656,0.5508063626364169,0.9148564699625454,gamma,0.2
0.1,0.5478810096606547,0.5437193247908046,0.9176856596711112,gamma,0.2
0.1,0.6618544560100672,0.5371858324301173,0.9183624295605121,gamma,0.2
0.1,0.7995373324067232,0.5292486077135228,0.9186207795953405,gamma,0.2
0.1,0.965861814643937,0.5216863326082117,0.9191226394448454,gamma,0.2
0.1,1.166786098879395,0.5195050037250416,0.9192122085135187,gamma,0.2
0.1,1.4095078404565258,0.5265594842533347,0.9198371003798458,gamma,0.2
0.1,1.7027219935312041,0.53535422854329,0.9187810176554463,gamma,0.2
0.1,2.0569322880217786,0.5379662395068477,0.9158497087368812,gamma,0.2
0.1,2.484827501835503,0.5498097143187686,0.9129192720088278,gamma,0.2
0.1,3.0017360074677835,0.5650566162381403,0.908202538513504,gamma,0.2
0.1,3.6261748760719885,0.5787457061921499,0.8994026608428316,gamma,0.2
0.1,4.38051320940382,0.589946218942142,0.8925919861179142,gamma,0.2
0.1,5.291773461997922,0.5980984126631511,0.8923899345566928,gamma,0.2
0.1,6.392599459120591,0.6053201961832785,0.8984917659018044,gamma,0.2
0.1,7.722425787539303,0.6106578497234711,0.9063010255172355,gamma,0.2
0.1,9.328890449872787,0.6161946178560218,0.9169991207408518,gamma,0.2
0.1,11.26954138764972,0.6206084531718695,0.9270269005976407,gamma,0.2
0.1,13.613898005381975,0.6230686107610223,0.9337748866378686,gamma,0.2
0.1,16.445941545061906,0.6256934422348204,0.9396508183650933,gamma,0.2
0.1,19.867123523084192,0.6296222254698071,0.9431912441665304,gamma,0.2
0.1,23.999999999999993,0.6321806845064217,0.9452558210482218,gamma,0.2
0.12689610031679222,0.1,0.5565672090919087,0.8803717708569765,gamma,0.2
0.12689610031679222,0.12080259113562,0.5572669374463645,0.8845090885133188,gamma,0.2
0.12689610031679222,0.14593266025079774,0.5567316878847294,0.8892874988013675,gamma,0.2
0.12689610031679222,0.1762904348961046,0.557090986167847,0.8944411866826912,gamma,0.2
0.12689610031679222,0.21296341327874763,0.5571363179047991,0.8985960487313863,gamma,0.2
0.12689610031679222,0.25726532141158615,0.5563178879203488,0.9023844825537284,gamma,0.2
0.12689610031679222,0.31078317435857705,0.5567050759838246,0.9067491020426699,gamma,0.2
0.12689610031679222,0.37543412743869276,0.5554472510035935,0.9112051057190055,gamma,0.2
0.12689610031679222,0.45353415395334656,0.5520310372966805,0.9145809957451467,gamma,0.2
0.12689610031679222,0.5478810096606547,0.5471547159109693,0.9175664325123383,gamma,0.2
0.12689610031679222,0.6618544560100672,0.5406110353143446,0.9193271774103002,gamma,0.2
0.12689610031679222,0.7995373324067232,0.5325256832727726,0.9197717693415611,gamma,0.2
0.12689610031679222,0.965861814643937,0.5229660173590688,0.92054799233571,gamma,0.2
0.12689610031679222,1.166786098879395,0.5198749125940205,0.9207578866577906,gamma,0.2
0.12689610031679222,1.4095078404565258,0.5222959193000866,0.9211004267573701,gamma,0.2
0.12689610031679222,1.7027219935312041,0.5363736578886311,0.9208966600071056,gamma,0.2
0.12689610031679222,2.0569322880217786,0.5425753059305981,0.9194914299013726,gamma,0.2
0.12689610031679222,2.484827501835503,0.5523832753991951,0.9179439689225551,gamma,0.2
0.12689610031679222,3.0017360074677835,0.5655007938779717,0.9149338848919765,gamma,0.2
0.12689610031679222,3.6261748760719885,0.5830746372666522,0.9092105010720841,gamma,0.2
0.12689610031679222,4.38051320940382,0.5971466036137352,0.9062015080407224,gamma,0.2
0.12689610031679222,5.291773461997922,0.6057564448016732,0.907314715482409,gamma,0.2
0.12689610031679222,6.392599459120591,0.6114864809479705,0.9111581632820926,gamma,0.2
0.12689610031679222,7.722425787539303,0.6149162076827033,0.915103554066703,gamma,0.2
0.12689610031679222,9.328890449872787,0.6190972658452417,0.9227301965827668,gamma,0.2
0.12689610031679222,11.26954138764972,0.6226141340567342,0.9304951749648752,gamma,0.2
0.12689610031679222,13.613898005381975,0.6247200041391443,0.9362308693803125,gamma,0.2
0.12689610031679222,16.445941545061906,0.6277892124586486,0.9407952766647643,gamma,0.2
0.12689610031679222,19.867123523084192,0.631304199065107,0.9436310976920889,gamma,0.2
0.12689610031679222,23.999999999999993,0.6333731346625423,0.9451787869296109,gamma,0.2
0.16102620275609392,0.1,0.5569709713247928,0.8784205980973945,gamma,0.2
0.16102620275609392,0.12080259113562,0.5576078377302778,0.8824930906112866,gamma,0.2
0.16102620275609392,0.14593266025079774,0.557993474442996,0.8868336765739142,gamma,0.2
0.16102620275609392,0.1762904348961046,0.5574968016578,0.8925642111390762,gamma,0.2
0.16102620275609392,0.21296341327874763,0.5572253052184932,0.8972062751894042,gamma,0.2
0.16102620275609392,0.25726532141158615,0.5562028845645242,0.9007185998513114,gamma,0.2
0.16102620275609392,0.31078317435857705,0.5575128459228454,0.9060178508113887,gamma,0.2
0.16102620275609392,0.37543412743869276,0.5564882243900873,0.9104124374476131,gamma,0.2
0.16102620275609392,0.45353415395334656,0.5532780228364116,0.9142783987151254,gamma,0.2
0.16102620275609392,0.5478810096606547,0.547953405876653,0.9171874923729859,gamma,0.2
0.16102620275609392,0.6618544560100672,0.5399497621998273,0.9197824808370603,gamma,0.2
0.16102620275609392,0.7995373324067232,0.5361566500794028,0.9209586706125958,gamma,0.2
0.16102620275609392,0.965861814643937,0.5268528100659413,0.9218287278253977,gamma,0.2
0.16102620275609392,1.166786098879395,0.5225540896514888,0.9223748881896832,gamma,0.2
0.16102620275609392,1.4095078404565258,0.5196870812073562,0.922655460646306,gamma,0.2
0.16102620275609392,1.7027219935312041,0.5318919995027992,0.9224835077735972,gamma,0.2
0.16102620275609392,2.0569322880217786,0.5432771815155336,0.9221759938439106,gamma,0.2
0.16102620275609392,2.484827501835503,0.5560803284071059,0.9220324711933862,gamma,0.2
0.16102620275609392,3.0017360074677835,0.5675394740101598,0.91970779137183,gamma,0.2
0.16102620275609392,3.6261748760719885,0.5877299517919311,0.9174720111314287,gamma,0.2
0.16102620275609392,4.38051320940382,0.6027178890900454,0.9165917591665005,gamma,0.2
0.16102620275609392,5.291773461997922,0.6106217584511826,0.916680427110181,gamma,0.2
0.16102620275609392,6.392599459120591,0.6147142101900909,0.9186683289695798,gamma,0.2
0.16102620275609392,7.722425787539303,0.6179691302908231,0.9217486346169482,gamma,0.2
0.16102620275609392,9.328890449872787,0.6217452870976243,0.9280554551281158,gamma,0.2
0.16102620275609392,11.26954138764972,0.6243049450546532,0.9337082825279309,gamma,0.2
0.16102620275609392,13.613898005381975,0.625905532601432,0.9382398861213866,gamma,0.2
0.16102620275609392,16.445941545061906,0.6294773968466252,0.9415113840021007,gamma,0.2
0.16102620275609392,19.867123523084192,0.6323539204389094,0.9436835428509153,gamma,0.2
0.16102620275609392,23.999999999999993,0.6341562221751352,0.9451599883458548,gamma,0.2
0.20433597178569415,0.1,0.5570496936125722,0.876627116853177,gamma,0.2
0.20433597178569415,0.12080259113562,0.5577930334304891,0.8802774647760131,gamma,0.2
0.20433597178569415,0.14593266025079774,0.5588781723931291,0.884650283818962,gamma,0.2
0.20433597178569415,0.1762904348961046,0.5589788350593925,0.8898670866456527,gamma,0.2
0.20433597178569415,0.21296341327874763,0.5583019943431322,0.8955194458676526,gamma,0.2
0.20433597178569415,0.25726532141158615,0.5566707242806628,0.899473309002762,gamma,0.2
0.20433597178569415,0.31078317435857705,0.5570676912398125,0.9043417399158912,gamma,0.2
0.20433597178569415,0.37543412743869276,0.5570940673868234,0.9095995961866087,gamma,0.2
0.20433597178569415,0.45353415395334656,0.554651789468537,0.9137375544668376,gamma,0.2
0.20433597178569415,0.5478810096606547,0.5497138385884424,0.9167886383107483,gamma,0.2
0.20433597178569415,0.6618544560100672,0.5401323091472335,0.9196780090984277,gamma,0.2
0.20433597178569415,0.7995373324067232,0.5361360823003837,0.9216027591884175,gamma,0.2
0.20433597178569415,0.965861814643937,0.528694433106662,0.9229103134931761,gamma,0.2
0.20433597178569415,1.166786098879395,0.524601083285208,0.9237115195353928,gamma,0.2
0.20433597178569415,1.4095078404565258,0.5184750905395412,0.9241780171977898,gamma,0.2
0.20433597178569415,1.7027219935312041,0.5265922285324326,0.923844584237419,gamma,0.2
0.20433597178569415,2.0569322880217786,0.5435059282371354,0.924118893725596,gamma,0.2
0.20433597178569415,2.484827501835503,0.5564119683064739,0.9246241588704865,gamma,0.2
0.20433597178569415,3.0017360074677835,0.5736185002311799,0.9241076693676016,gamma,0.2
0.20433597178569415,3.6261748760719885,0.5931439072209964,0.9243728195465242,gamma,0.2
0.20433597178569415,4.38051320940382,0.6068361223857827,0.9241634184166692,gamma,0.2
0.20433597178569415,5.291773461997922,0.6136031562146789,0.9235626191529257,gamma,0.2
0.20433597178569415,6.392599459120591,0.6179488367445024,0.9254809858460444,gamma,0.2
0.20433597178569415,7.722425787539303,0.6213157557524671,0.9284570225417643,gamma,0.2
0.20433597178569415,9.328890449872787,0.6243836750096805,0.9333406132702786,gamma,0.2
0.20433597178569415,11.26954138764972,0.625916853784479,0.9368197389475662,gamma,0.2
0.20433597178569415,13.613898005381975,0.6271051763706369,0.9391055451583399,gamma,0.2
0.20433597178569415,16.445941545061906,0.6305729103478154,0.9418462013707429,gamma,0.2
0.20433597178569415,19.867123523084192,0.6328290672803926,0.9435726552280083,gamma,0.2
0.20433597178569415,23.999999999999993,0.6346282001446059,0.9449303446064311,gamma,0.2
0.2592943797404667,0.1,0.5577626396576617,0.8750660625794879,gamma,0.2
0.2592943797404667,0.12080259113562,0.5577694771259138,0.8782916771857937,gamma,0.2
0.2592943797404667,0.14593266025079774,0.5590294688827089,0.8823742012491079,gamma,0.2
0.2592943797404667,0.1762904348961046,0.5602041218108694,0.8872187121250532,gamma,0.2
0.2592943797404667,0.21296341327874763,0.5597696334044627,0.8930011612347839,gamma,0.2
0.2592943797404667,0.25726532141158615,0.5585481470693003,0.8979400299126609,gamma,0.2
0.2592943797404667,0.31078317435857705,0.5573552512835742,0.9025389558978236,gamma,0.2
0.2592943797404667,0.37543412743869276,0.5577658778723245,0.9086332800947111,gamma,0.2
0.2592943797404667,0.45353415395334656,0.5554181908134131,0.9129834592762641,gamma,0.2
0.2592943797404667,0.5478810096606547,0.5513063576049674,0.9163605204899857,gamma,0.2
0.2592943797404667,0.6618544560100672,0.5447834115540735,0.9195434129899014,gamma,0.2
0.2592943797404667,0.7995373324067232,0.534759346283179,0.9219459741550451,gamma,0.2
0.2592943797404667,0.965861814643937,0.5305938082508157,0.9236190992688001,gamma,0.2
0.2592943797404667,1.166786098879395,0.524984882983537,0.9247565272002087,gamma,0.2
0.2592943797404667,1.4095078404565258,0.5168196513225787,0.9254688898216105,gamma,0.2
0.2592943797404667,1.7027219935312041,0.5254363791015234,0.9251272706025915,gamma,0.2
0.2592943797404667,2.0569322880217786,0.5408604802499716,0.9256404622561897,gamma,0.2
0.2592943797404667,2.484827501835503,0.5556217775469321,0.9267046665964171,gamma,0.2
0.2592943797404667,3.0017360074677835,0.5791282845273485,0.9279877545420766,gamma,0.2
0.2592943797404667,3.6261748760719885,0.5984043398636445,0.9288740411273643,gamma,0.2
0.2592943797404667,4.38051320940382,0.6094260071586226,0.9289915646401143,gamma,0.2
0.2592943797404667,5.291773461997922,0.6156641784303084,0.9287294422165366,gamma,0.2
0.2592943797404667,6.392599459120591,0.6209734989447555,0.9317061219076679,gamma,0.2
0.2592943797404667,7.722425787539303,0.6240994128102089,0.9340488325575702,gamma,0.2
0.2592943797404667,9.328890449872787,0.6263908594943717,0.9373641512477552,gamma,0.2
0.2592943797404667,11.26954138764972,0.6271749116766994,0.9389409613391647,gamma,0.2
0.2592943797404667,13.613898005381975,0.6292944161503518,0.9406288230001014,gamma,0.2
0.2592943797404667,16.445941545061906,0.6313922159641645,0.942070514973834,gamma,0.2
0.2592943797404667,19.867123523084192,0.6331710465106702,0.943449909920314,gamma,0.2
0.2592943797404667,23.999999999999993,0.6349349613835256,0.9444925098868859,gamma,0.2
0.32903445623126687,0.1,0.5583355959668629,0.8734374890277233,gamma,0.2
0.32903445623126687,0.12080259113562,0.5587207025180068,0.8766104901818231,gamma,0.2
0.32903445623126687,0.14593266025079774,0.5596826026957535,0.8803241148581865,gamma,0.2
0.32903445623126687,0.1762904348961046,0.5609514258428943,0.8849226408799462,gamma,0.2
0.32903445623126687,0.21296341327874763,0.5611167473127656,0.890179098920455,gamma,0.2
0.32903445623126687,0.25726532141158615,0.5602488533983903,0.8958679299567067,gamma,0.2
0.32903445623126687,0.31078317435857705,0.5592905329921245,0.9005689122627585,gamma,0.2
0.32903445623126687,0.37543412743869276,0.5570480087984068,0.9061984346012005,gamma,0.2
0.32903445623126687,0.45353415395334656,0.5569212960625048,0.9121916686894721,gamma,0.2
0.32903445623126687,0.5478810096606547,0.5538761493096397,0.9158689087139115,gamma,0.2
0.32903445623126687,0.6618544560100672,0.5480173266935839,0.919129928610639,gamma,0.2
0.32903445623126687,0.7995373324067232,0.5356987711522777,0.9222134543976687,gamma,0.2
0.32903445623126687,0.965861814643937,0.5293170809671035,0.9239135979168519,gamma,0.2
0.32903445623126687,1.166786098879395,0.5233501058725217,0.9253326164818633,gamma,0.2
0.32903445623126687,1.4095078404565258,0.5156319679372171,0.9263952778038025,gamma,0.2
0.32903445623126687,1.7027219935312041,0.5181817461674577,0.9263837206062581,gamma,0.2
0.32903445623126687,2.0569322880217786,0.5378344089702258,0.9273640327470839,gamma,0.2
0.32903445623126687,2.484827501835503,0.5596557867481571,0.9288825331883075,gamma,0.2
0.32903445623126687,3.0017360074677835,0.584678535706627,0.9309154425469155,gamma,0.2
0.32903445623126687,3.6261748760719885,0.6018064954018956,0.9322204696809586,gamma,0.2
0.32903445623126687,4.38051320940382,0.611612779981417,0.9332261102931767,gamma,0.2
0.32903445623126687,5.291773461997922,0.6176508537294327,0.9332438728013068,gamma,0.2
0.32903445623126687,6.392599459120591,0.6231468472664727,0.9363306015182127,gamma,0.2
0.32903445623126687,7.722425787539303,0.6263411554929856,0.9385975860694974,gamma,0.2
0.32903445623126687,9.328890449872787,0.6275859811024793,0.939759060349746,gamma,0.2
0.32903445623126687,11.26954138764972,0.6289109766653411,0.940497911863036,gamma,0.2
0.32903445623126687,13.613898005381975,0.6309216247987859,0.9417515733674352,gamma,0.2
0.32903445623126687,16.445941545061906,0.6329256548554684,0.9431248302422343,gamma,0.2
0.32903445623126687,19.867123523084192,0.6340908386723922,0.9436518997550367,gamma,0.2
0.32903445623126687,23.999999999999993,0.6350549645662524,0.943844076790801,gamma,0.2
0.41753189365604015,0.1,0.5590041534367849,0.8720335785512919,gamma,0.2
0.41753189365604015,0.12080259113562,0.5593240318955148,0.874894378640731,gamma,0.2
0.41753189365604015,0.14593266025079774,0.5602693890053959,0.8784187632555788,gamma,0.2
0.41753189365604015,0.1762904348961046,0.5619463125155623,0.8828085795843532,gamma,0.2
0.41753189365604015,0.21296341327874763,0.5634921220153499,0.8876942723764468,gamma,0.2
0.41753189365604015,0.25726532141158615,0.5629993212815948,0.893411868686893,gamma,0.2
0.41753189365604015,0.31078317435857705,0.5623018203046943,0.8985310951471789,gamma,0.2
0.41753189365604015,0.37543412743869276,0.5603481283401531,0.9040780324348877,gamma,0.2
0.41753189365604015,0.45353415395334656,0.5580032008879671,0.910796374336674,gamma,0.2
0.41753189365604015,0.5478810096606547,0.5560351633150132,0.9152183650689302,gamma,0.2
0.41753189365604015,0.6618544560100672,0.5503441134502812,0.9185386537567048,gamma,0.2
0.41753189365604015,0.7995373324067232,0.5384389841919092,0.9218662644597111,gamma,0.2
0.41753189365604015,0.965861814643937,0.5289178753288345,0.9241560319099937,gamma,0.2
0.41753189365604015,1.166786098879395,0.5200350031420142,0.9255571144790249,gamma,0.2
0.41753189365604015,1.4095078404565258,0.5116007204602503,0.9269881300685465,gamma,0.2
0.41753189365604015,1.7027219935312041,0.5098487996054613,0.9274321458503797,gamma,0.2
0.41753189365604015,2.0569322880217786,0.5342178219484108,0.9287079301033097,gamma,0.2
0.41753189365604015,2.484827501835503,0.5639694779546465,0.9308851309262429,gamma,0.2
0.41753189365604015,3.0017360074677835,0.5867873019161853,0.9329728597425927,gamma,0.2
0.41753189365604015,3.6261748760719885,0.6031860293935931,0.934827652231458,gamma,0.2
0.41753189365604015,4.38051320940382,0.613259371206436,0.9365614756058959,gamma,0.2
0.41753189365604015,5.291773461997922,0.619604831498066,0.9376068064561879,gamma,0.2
0.41753189365604015,6.392599459120591,0.6248534169442046,0.9401265333979825,gamma,0.2
0.41753189365604015,7.722425787539303,0.627519399703268,0.9411012397826962,gamma,0.2
0.41753189365604015,9.328890449872787,0.6289114201920805,0.9412672562919707,gamma,0.2
0.41753189365604015,11.26954138764972,0.6302202611814752,0.9412971203849028,gamma,0.2
0.41753189365604015,13.613898005381975,0.6321139934082862,0.9425496201635609,gamma,0.2
0.41753189365604015,16.445941545061906,0.6338514206771693,0.9435354537943149,gamma,0.2
0.41753189365604015,19.867123523084192,0.634818874121834,0.9436668369268042,gamma,0.2
0.41753189365604015,23.999999999999993,0.6355526132459671,0.9436341488191993,gamma,0.2
0.5298316906283709,0.1,0.5593797973512842,0.8705581803659488,gamma,0.2
0.5298316906283709,0.12080259113562,0.5596114146620577,0.8733006663480275,gamma,0.2
0.5298316906283709,0.14593266025079774,0.5602765169057573,0.8764189709945808,gamma,0.2
0.5298316906283709,0.1762904348961046,0.5621971525624542,0.8806974688748532,gamma,0.2
0.5298316906283709,0.21296341327874763,0.563970297449367,0.8854274580057725,gamma,0.2
0.5298316906283709,0.25726532141158615,0.5654474594780426,0.8907867343846043,gamma,0.2
0.5298316906283709,0.31078317435857705,0.5653506811865365,0.8965009061745207,gamma,0.2
0.5298316906283709,0.37543412743869276,0.5642460136611428,0.9018774297010175,gamma,0.2
0.5298316906283709,0.45353415395334656,0.5604870350022529,0.9081710370732875,gamma,0.2
0.5298316906283709,0.5478810096606547,0.5576065768429639,0.9141600990701001,gamma,0.2
0.5298316906283709,0.6618544560100672,0.5522424331514053,0.9176912676712393,gamma,0.2
0.5298316906283709,0.7995373324067232,0.54168175250514,0.9212082750843663,gamma,0.2
0.5298316906283709,0.965861814643937,0.5267722189958061,0.9242674504018153,gamma,0.2
0.5298316906283709,1.166786098879395,0.5173168380121772,0.9257497075701201,gamma,0.2
0.5298316906283709,1.4095078404565258,0.5085771322015912,0.9274086078435718,gamma,0.2
0.5298316906283709,1.7027219935312041,0.5047474825517484,0.9283393136416825,gamma,0.2
0.5298316906283709,2.0569322880217786,0.5272337206798016,0.9301610023256578,gamma,0.2
0.5298316906283709,2.484827501835503,0.5616285882156764,0.9328657530876469,gamma,0.2
0.5298316906283709,3.0017360074677835,0.5884160017790279,0.9345183134244894,gamma,0.2
0.5298316906283709,3.6261748760719885,0.603432415875005,0.9366576355049001,gamma,0.2
0.5298316906283709,4.38051320940382,0.6137287593239872,0.938640816767966,gamma,0.2
0.5298316906283709,5.291773461997922,0.6208751717301942,0.9407357411823376,gamma,0.2
0.5298316906283709,6.392599459120591,0.6257065742481258,0.9423621818961786,gamma,0.2
0.5298316906283709,7.722425787539303,0.6282534341909234,0.9424276601646638,gamma,0.2
0.5298316906283709,9.328890449872787,0.6297662620532599,0.9418173997314542,gamma,0.2
0.5298316906283709,11.26954138764972,0.6310785942339475,0.9415748885188967,gamma,0.2
0.5298316906283709,13.613898005381975,0.6330956682140041,0.9429381624186968,gamma,0.2
0.5298316906283709,16.445941545061906,0.634399156745344,0.9434069711442431,gamma,0.2
0.5298316906283709,19.867123523084192,0.6353423995717482,0.9433561319423842,gamma,0.2
0.5298316906283709,23.999999999999993,0.6362265889095807,0.9433455176319699,gamma,0.2
0.6723357536499337,0.1,0.5596014744713509,0.8690191930547096,gamma,0.2
0.6723357536499337,0.12080259113562,0.5598384604644262,0.8715884934309083,gamma,0.2
0.6723357536499337,0.14593266025079774,0.560128673056251,0.8745418995503239,gamma,0.2
0.6723357536499337,0.1762904348961046,0.5622314558724215,0.8786442240709913,gamma,0.2
0.6723357536499337,0.21296341327874763,0.5639415146676794,0.8830169486853237,gamma,0.2
0.6723357536499337,0.25726532141158615,0.565614551180346,0.8880441224239695,gamma,0.2
0.6723357536499337,0.31078317435857705,0.5675742973211403,0.894066482990672,gamma,0.2
0.6723357536499337,0.37543412743869276,0.5669075250652003,0.8996190851776549,gamma,0.2
0.6723357536499337,0.45353415395334656,0.5646793213084776,0.9056795756515884,gamma,0.2
0.6723357536499337,0.5478810096606547,0.5615925362819137,0.9125180697497812,gamma,0.2
0.6723357536499337,0.6618544560100672,0.5553375594326888,0.916987723072086,gamma,0.2
0.6723357536499337,0.7995373324067232,0.5446103401932053,0.9204131130337723,gamma,0.2
0.6723357536499337,0.965861814643937,0.5226526477848992,0.9240366944060144,gamma,0.2
0.6723357536499337,1.166786098879395,0.5098138341294771,0.9256325905423137,gamma,0.2
0.6723357536499337,1.4095078404565258,0.5044457958882598,0.9273842553061237,gamma,0.2
0.6723357536499337,1.7027219935312041,0.5021311365643193,0.9289632756928691,gamma,0.2
0.6723357536499337,2.0569322880217786,0.5231002657736964,0.931481187287513,gamma,0.2
0.6723357536499337,2.484827501835503,0.553510013853875,0.93411377948221,gamma,0.2
0.6723357536499337,3.0017360074677835,0.5864666405116907,0.9359145574279252,gamma,0.2
0.6723357536499337,3.6261748760719885,0.6032307750109362,0.9381435763527841,gamma,0.2
0.6723357536499337,4.38051320940382,0.6137699086332498,0.9401418701892122,gamma,0.2
0.6723357536499337,5.291773461997922,0.6218126785782798,0.9424733345758397,gamma,0.2
0.6723357536499337,6.392599459120591,0.6262162340215562,0.9434579731407233,gamma,0.2
0.6723357536499337,7.722425787539303,0.6291913802324506,0.9430371620711667,gamma,0.2
0.6723357536499337,9.328890449872787,0.6306233140672384,0.9421331019031647,gamma,0.2
0.6723357536499337,11.26954138764972,0.6318963219203303,0.9418767441792242,gamma,0.2
0.6723357536499337,13.613898005381975,0.6337820067382708,0.9428967351070181,gamma,0.2
0.6723357536499337,16.445941545061906,0.6351044581886912,0.9432497213650719,gamma,0.2
0.6723357536499337,19.867123523084192,0.6362044955332347,0.9431201285819688,gamma,0.2
0.6723357536499337,23.999999999999993,0.636855229088752,0.9428498550040567,gamma,0.2
0.8531678524172808,0.1,0.559437682332743,0.8672640364556314,gamma,0.2
0.8531678524172808,0.12080259113562,0.5597972434886758,0.8696827550439662,gamma,0.2
0.8531678524172808,0.14593266025079774,0.5600681805139059,0.8724500846929625,gamma,0.2
0.8531678524172808,0.1762904348961046,0.5616726457727718,0.8763412231345804,gamma,0.2
0.8531678524172808,0.21296341327874763,0.5637370702575281,0.8807417091330125,gamma,0.2
0.8531678524172808,0.25726532141158615,0.5653283714531812,0.885387412472538,gamma,0.2
0.8531678524172808,0.31078317435857705,0.5677450167582442,0.8909846528342978,gamma,0.2
0.8531678524172808,0.37543412743869276,0.5688955098581308,0.897047388012576,gamma,0.2
0.8531678524172808,0.45353415395334656,0.5677962021232625,0.9031864125367746,gamma,0.2
0.8531678524172808,0.5478810096606547,0.5653352147101152,0.9103063136528955,gamma,0.2
0.8531678524172808,0.6618544560100672,0.5611181694604541,0.9164133473284467,gamma,0.2
0.8531678524172808,0.7995373324067232,0.5503561366827253,0.9197888903760891,gamma,0.2
0.8531678524172808,0.965861814643937,0.5261267678482154,0.9234096541409782,gamma,0.2
0.8531678524172808,1.166786098879395,0.5019233912738226,0.9255074376711,gamma,0.2
0.8531678524172808,1.4095078404565258,0.493419840095276,0.9271952198152448,gamma,0.2
0.8531678524172808,1.7027219935312041,0.49685902842100904,0.9293312869757786,gamma,0.2
0.8531678524172808,2.0569322880217786,0.5199448895595726,0.9323591063023724,gamma,0.2
0.8531678524172808,2.484827501835503,0.5428380984178279,0.9351163152910025,gamma,0.2
0.8531678524172808,3.0017360074677835,0.5813479438659575,0.9371976158980124,gamma,0.2
0.8531678524172808,3.6261748760719885,0.6036309715443315,0.9399977814238063,gamma,0.2
0.8531678524172808,4.38051320940382,0.6159872891920875,0.9422932684901948,gamma,0.2
0.8531678524172808,5.291773461997922,0.6232735446794309,0.943844508470044,gamma,0.2
0.8531678524172808,6.392599459120591,0.6268896862198247,0.9440816184207408,gamma,0.2
0.8531678524172808,7.722425787539303,0.6297915233342642,0.9432646101494593,gamma,0.2
0.8531678524172808,9.328890449872787,0.6315425024388588,0.9424373547508322,gamma,0.2
0.8531678524172808,11.26954138764972,0.6329985538485423,0.9422924997997142,gamma,0.2
0.8531678524172808,13.613898005381975,0.6349559247445253,0.943097847989397,gamma,0.2
0.8531678524172808,16.445941545061906,0.6361685817390623,0.9431425267773108,gamma,0.2
0.8531678524172808,19.867123523084192,0.6368708098074812,0.942558656318005,gamma,0.2
0.8531678524172808,23.999999999999993,0.6373892145449143,0.9421961986771072,gamma,0.2
1.0826367338740546,0.1,0.559153467677148,0.8656241631488477,gamma,0.2
1.0826367338740546,0.12080259113562,0.55955822564183,0.867793111129501,gamma,0.2
1.0826367338740546,0.14593266025079774,0.559973123191693,0.8704262130377791,gamma,0.2
1.0826367338740546,0.1762904348961046,0.5610215800768749,0.8739610150826036,gamma,0.2
1.0826367338740546,0.21296341327874763,0.563257710081073,0.8782486065039992,gamma,0.2
1.0826367338740546,0.25726532141158615,0.565068376519912,0.8827957290253667,gamma,0.2
1.0826367338740546,0.31078317435857705,0.5671275518864309,0.8881288184059785,gamma,0.2
1.0826367338740546,0.37543412743869276,0.5700727839476599,0.8942928758977484,gamma,0.2
1.0826367338740546,0.45353415395334656,0.5699535205081293,0.9003688541863456,gamma,0.2
1.0826367338740546,0.5478810096606547,0.5692293214140746,0.9078441929513144,gamma,0.2
1.0826367338740546,0.6618544560100672,0.5657076319809512,0.9147081764223747,gamma,0.2
1.0826367338740546,0.7995373324067232,0.5580827833838783,0.9192458483802629,gamma,0.2
1.0826367338740546,0.965861814643937,0.5356958809701463,0.9229330947147488,gamma,0.2
1.0826367338740546,1.166786098879395,0.49759690288992386,0.925450269248769,gamma,0.2
1.0826367338740546,1.4095078404565258,0.47857669416934956,0.9270598273477908,gamma,0.2
1.0826367338740546,1.7027219935312041,0.4989626980856521,0.9300712371477402,gamma,0.2
1.0826367338740546,2.0569322880217786,0.5229955354692752,0.9333075711428852,gamma,0.2
1.0826367338740546,2.484827501835503,0.5332153419350333,0.9358108556284902,gamma,0.2
1.0826367338740546,3.0017360074677835,0.5748940863916143,0.9383408361813858,gamma,0.2
1.0826367338740546,3.6261748760719885,0.6046296046845943,0.9420514245788495,gamma,0.2
1.0826367338740546,4.38051320940382,0.6193440517206271,0.9442540299246108,gamma,0.2
1.0826367338740546,5.291773461997922,0.6257916161774706,0.9454471373672182,gamma,0.2
1.0826367338740546,6.392599459120591,0.6288233158411387,0.9448985787002264,gamma,0.2
1.0826367338740546,7.722425787539303,0.6309127586385533,0.943534296350092,gamma,0.2
1.0826367338740546,9.328890449872787,0.6331630655051463,0.9433164834256395,gamma,0.2
1.0826367338740546,11.26954138764972,0.6348004699713908,0.9431275412271936,gamma,0.2
1.0826367338740546,13.613898005381975,0.6363798111898157,0.9433152813593373,gamma,0.2
1.0826367338740546,16.445941545061906,0.6371432307747302,0.9426848012955662,gamma,0.2
1.0826367338740546,19.867123523084192,0.6377133062181256,0.9421963764848287,gamma,0.2
1.0826367338740546,23.999999999999993,0.6385951504016605,0.9418195928824769,gamma,0.2
1.373823795883263,0.1,0.5593203620008504,0.8638344465040904,gamma,0.2
1.373823795883263,0.12080259113562,0.559218191025513,0.8662143636045224,gamma,0.2
1.373823795883263,0.14593266025079774,0.5596487041967688,0.8685491169446445,gamma,0.2
1.373823795883263,0.1762904348961046,0.5604457852523403,0.8716733548979163,gamma,0.2
1.373823795883263,0.21296341327874763,0.5625274713206407,0.8758053515633877,gamma,0.2
1.373823795883263,0.25726532141158615,0.5646898646286421,0.8802655109111823,gamma,0.2
1.373823795883263,0.31078317435857705,0.5665180684923449,0.8851145485078442,gamma,0.2
1.373823795883263,0.37543412743869276,0.5696148281761942,0.8912610397652464,gamma,0.2
1.373823795883263,0.45353415395334656,0.5713411885549321,0.8977678108726104,gamma,0.2
1.373823795883263,0.5478810096606547,0.5719221109390419,0.9047486131097892,gamma,0.2
1.373823795883263,0.6618544560100672,0.5696193321795521,0.912307972816103,gamma,0.2
1.373823795883263,0.7995373324067232,0.5644290869475093,0.918627216212159,gamma,0.2
1.373823795883263,0.965861814643937,0.5460849880425249,0.9224309501881661,gamma,0.2
1.373823795883263,1.166786098879395,0.5044628829421621,0.9255355420577062,gamma,0.2
1.373823795883263,1.4095078404565258,0.48680209474128444,0.9270137047143516,gamma,0.2
1.373823795883263,1.7027219935312041,0.49939276671871113,0.9308014678525947,gamma,0.2
1.373823795883263,2.0569322880217786,0.5267521929783582,0.9341271414021285,gamma,0.2
1.373823795883263,2.484827501835503,0.5351972452308694,0.9369090920618444,gamma,0.2
1.373823795883263,3.0017360074677835,0.5725115774907437,0.9395823979542923,gamma,0.2
1.373823795883263,3.6261748760719885,0.6062802708696395,0.9435097467034472,gamma,0.2
1.373823795883263,4.38051320940382,0.622695456409389,0.945982134865895,gamma,0.2
1.373823795883263,5.291773461997922,0.6291683797745578,0.9472426480791135,gamma,0.2
1.373823795883263,6.392599459120591,0.6317549918313791,0.9462011388361465,gamma,0.2
1.373823795883263,7.722425787539303,0.633711890024163,0.9454192155101504,gamma,0.2
1.373823795883263,9.328890449872787,0.6356500960209638,0.9449118372000128,gamma,0.2
1.373823795883263,11.26954138764972,0.636778077504016,0.9440289114786921,gamma,0.2
1.373823795883263,13.613898005381975,0.6377182200042518,0.9433083890985549,gamma,0.2
1.373823795883263,16.445941545061906,0.6383751205955549,0.9425407983698814,gamma,0.2
1.373823795883263,19.867123523084192,0.639222737173364,0.9421136857606104,gamma,0.2
1.373823795883263,23.999999999999993,0.6401742900046342,0.9417269173856314,gamma,0.2
1.743328822199988,0.1,0.5597610300584277,0.861684903616451,gamma,0.2
1.743328822199988,0.12080259113562,0.5594948983491351,0.8641558467188544,gamma,0.2
1.743328822199988,0.14593266025079774,0.5592325647044708,0.8667777865167701,gamma,0.2
1.743328822199988,0.1762904348961046,0.5599965820658405,0.8696782803201482,gamma,0.2
1.743328822199988,0.21296341327874763,0.5616877753539941,0.8734857619899788,gamma,0.2
1.743328822199988,0.25726532141158615,0.5639135503366242,0.8778285322978526,gamma,0.2
1.743328822199988,0.31078317435857705,0.5660441559806387,0.8824422942612207,gamma,0.2
1.743328822199988,0.37543412743869276,0.568846366489703,0.8880731183613938,gamma,0.2
1.743328822199988,0.45353415395334656,0.571430886180773,0.8947186501341409,gamma,0.2
1.743328822199988,0.5478810096606547,0.573387352581415,0.9015820069992588,gamma,0.2
1.743328822199988,0.6618544560100672,0.5733977762967702,0.9097411718142121,gamma,0.2
1.743328822199988,0.7995373324067232,0.5689825631005169,0.9167402915896048,gamma,0.2
1.743328822199988,0.965861814643937,0.5559819699913832,0.9219075947431794,gamma,0.2
1.743328822199988,1.166786098879395,0.5235193925893414,0.9252762634672859,gamma,0.2
1.743328822199988,1.4095078404565258,0.4761102569328624,0.9276525567151723,gamma,0.2
1.743328822199988,1.7027219935312041,0.49855028228547854,0.9314617031735949,gamma,0.2
1.743328822199988,2.0569322880217786,0.5358603574838856,0.9349506629362564,gamma,0.2
1.743328822199988,2.484827501835503,0.5403479787736507,0.9379602018615051,gamma,0.2
1.743328822199988,3.0017360074677835,0.5767416298831509,0.9407535385474409,gamma,0.2
1.743328822199988,3.6261748760719885,0.6094875289148212,0.9448672128199672,gamma,0.2
1.743328822199988,4.38051320940382,0.6261953901178235,0.9477711040566137,gamma,0.2
1.743328822199988,5.291773461997922,0.6327932466582045,0.9490667155778457,gamma,0.2
1.743328822199988,6.392599459120591,0.6362361442536018,0.9483772637237711,gamma,0.2
1.743328822199988,7.722425787539303,0.6377781002631053,0.9480052103919298,gamma,0.2
1.743328822199988,9.328890449872787,0.6386972926654041,0.9466368685488677,gamma,0.2
1.743328822199988,11.26954138764972,0.6392433004239244,0.9451727878596126,gamma,0.2
1.743328822199988,13.613898005381975,0.6393139497625782,0.9435085905388284,gamma,0.2
1.743328822199988,16.445941545061906,0.639781358487482,0.9426454191403538,gamma,0.2
1.743328822199988,19.867123523084192,0.6406584094970721,0.9419228859762075,gamma,0.2
1.743328822199988,23.999999999999993,0.6414983881413944,0.9415492336674586,gamma,0.2
2.2122162910704493,0.1,0.5610056500024989,0.8599084487802786,gamma,0.2
2.2122162910704493,0.12080259113562,0.5603003432865863,0.8621416381686244,gamma,0.2
2.2122162910704493,0.14593266025079774,0.5596508480008705,0.864459519380051,gamma,0.2
2.2122162910704493,0.1762904348961046,0.5594801446344411,0.8676992133584454,gamma,0.2
2.2122162910704493,0.21296341327874763,0.5608933741787445,0.8712361578089953,gamma,0.2
2.2122162910704493,0.25726532141158615,0.5629486051071049,0.8754969505847199,gamma,0.2
2.2122162910704493,0.31078317435857705,0.5654022257946841,0.8800484002779015,gamma,0.2
2.2122162910704493,0.37543412743869276,0.5680204924191024,0.8851177365012102,gamma,0.2
2.2122162910704493,0.45353415395334656,0.5707409685792222,0.8916053737511052,gamma,0.2
2.2122162910704493,0.5478810096606547,0.573933492359294,0.8986050350900986,gamma,0.2
2.2122162910704493,0.6618544560100672,0.5754340003508976,0.906699063265763,gamma,0.2
2.2122162910704493,0.7995373324067232,0.5733969321596701,0.91435761412455,gamma,0.2
2.2122162910704493,0.965861814643937,0.5641513763892145,0.9208932171916171,gamma,0.2
2.2122162910704493,1.166786098879395,0.5399077961097843,0.9249802218221558,gamma,0.2
2.2122162910704493,1.4095078404565258,0.4941493008941596,0.9284427738269752,gamma,0.2
2.2122162910704493,1.7027219935312041,0.5100260484029362,0.9322861125162,gamma,0.2
2.2122162910704493,2.0569322880217786,0.5413799983208043,0.935703753103915,gamma,0.2
2.2122162910704493,2.484827501835503,0.5434873953242852,0.938548299322279,gamma,0.2
2.2122162910704493,3.0017360074677835,0.5820224017030602,0.9417932055173992,gamma,0.2
2.2122162910704493,3.6261748760719885,0.6139360815127415,0.9461805853702882,gamma,0.2
2.2122162910704493,4.38051320940382,0.6316956770095304,0.9501296881521234,gamma,0.2
2.2122162910704493,5.291773461997922,0.6379139280537552,0.9512988622556202,gamma,0.2
2.2122162910704493,6.392599459120591,0.641100326483868,0.9509135757285838,gamma,0.2
2.2122162910704493,7.722425787539303,0.641911426001615,0.9502391788106996,gamma,0.2
2.2122162910704493,9.328890449872787,0.6417149924647754,0.948089864795461,gamma,0.2
2.2122162910704493,11.26954138764972,0.641543255803134,0.9458295960569146,gamma,0.2
2.2122162910704493,13.613898005381975,0.6412835195659882,0.9441904278664376,gamma,0.2
2.2122162910704493,16.445941545061906,0.641665186449568,0.9429448624204777,gamma,0.2
2.2122162910704493,19.867123523084192,0.6422172414814364,0.9419867099021113,gamma,0.2
2.2122162910704493,23.999999999999993,0.6427979564577178,0.9413486662484749,gamma,0.2
2.807216203941177,0.1,0.5624136980300551,0.8583964831587308,gamma,0.2
2.807216203941177,0.12080259113562,0.5618675661397851,0.8605364691933826,gamma,0.2
2.807216203941177,0.14593266025079774,0.5612246001315803,0.8628434427948685,gamma,0.2
2.807216203941177,0.1762904348961046,0.5604328871448261,0.8651925504882546,gamma,0.2
2.807216203941177,0.21296341327874763,0.5602778055751945,0.868878218946347,gamma,0.2
2.807216203941177,0.25726532141158615,0.562144714997152,0.8731522177024038,gamma,0.2
2.807216203941177,0.31078317435857705,0.5644018070570868,0.8776102841545946,gamma,0.2
2.807216203941177,0.37543412743869276,0.5671961601519305,0.8824104606149041,gamma,0.2
2.807216203941177,0.45353415395334656,0.5697633154688603,0.8886173371736542,gamma,0.2
2.807216203941177,0.5478810096606547,0.5732108309363716,0.8956881253204254,gamma,0.2
2.807216203941177,0.6618544560100672,0.576124689340417,0.903285715244317,gamma,0.2
2.807216203941177,0.7995373324067232,0.576800763950005,0.9117285285103094,gamma,0.2
2.807216203941177,0.965861814643937,0.5707574723181894,0.9189950176185723,gamma,0.2
2.807216203941177,1.166786098879395,0.5517256708181505,0.924569901499177,gamma,0.2
2.807216203941177,1.4095078404565258,0.5114292258485128,0.9295158981905021,gamma,0.2
2.807216203941177,1.7027219935312041,0.5231393503234522,0.933006577327389,gamma,0.2
2.807216203941177,2.0569322880217786,0.5496404610816743,0.9364173875345035,gamma,0.2
2.807216203941177,2.484827501835503,0.549962321198749,0.9390653002180442,gamma,0.2
2.807216203941177,3.0017360074677835,0.5898717725497157,0.9428694174504116,gamma,0.2
2.807216203941177,3.6261748760719885,0.6217072816081104,0.94832094854482,gamma,0.2
2.807216203941177,4.38051320940382,0.6371567797001411,0.9524033516609157,gamma,0.2
2.807216203941177,5.291773461997922,0.6429587178736126,0.9533190401374196,gamma,0.2
2.807216203941177,6.392599459120591,0.6453662696310059,0.9532443759722703,gamma,0.2
2.807216203941177,7.722425787539303,0.6455385336942385,0.9519987616122826,gamma,0.2
2.807216203941177,9.328890449872787,0.6444038890134725,0.9492670761453675,gamma,0.2
2.807216203941177,11.26954138764972,0.6437014912875236,0.9465134597587159,gamma,0.2
2.807216203941177,13.613898005381975,0.6436000852223683,0.9448543200484184,gamma,0.2
2.807216203941177,16.445941545061906,0.6437137280166055,0.9433271902144234,gamma,0.2
2.807216203941177,19.867123523084192,0.644106667675857,0.9422631598327886,gamma,0.2
2.807216203941177,23.999999999999993,0.6445755023029582,0.9415461856585239,gamma,0.2
3.562247890262442,0.1,0.5633521225085093,0.85708799822493,gamma,0.2
3.562247890262442,0.12080259113562,0.5631907090376292,0.8591094712754145,gamma,0.2
3.562247890262442,0.14593266025079774,0.5627775104488427,0.8612212923329854,gamma,0.2
3.562247890262442,0.1762904348961046,0.5620917343697943,0.8635730648483577,gamma,0.2
3.562247890262442,0.21296341327874763,0.5614800113382534,0.8662644573920905,gamma,0.2
3.562247890262442,0.25726532141158615,0.5622911375899787,0.8707326278558274,gamma,0.2
3.562247890262442,0.31078317435857705,0.5636233730099304,0.8752628962146521,gamma,0.2
3.562247890262442,0.37543412743869276,0.566313668008316,0.8800035105530859,gamma,0.2
3.562247890262442,0.45353415395334656,0.5691418093142059,0.8858574978781941,gamma,0.2
3.562247890262442,0.5478810096606547,0.572396824043142,0.8928001662233218,gamma,0.2
3.562247890262442,0.6618544560100672,0.5754638386031601,0.8999720260085027,gamma,0.2
3.562247890262442,0.7995373324067232,0.5779002348849298,0.9087914836727854,gamma,0.2
3.562247890262442,0.965861814643937,0.5751201675001066,0.9165866000820317,gamma,0.2
3.562247890262442,1.166786098879395,0.5606089687265512,0.9244917448045588,gamma,0.2
3.562247890262442,1.4095078404565258,0.52993106307173,0.9304563982851081,gamma,0.2
3.562247890262442,1.7027219935312041,0.5433470376978023,0.933950157933275,gamma,0.2
3.562247890262442,2.0569322880217786,0.5651153857583011,0.9373022434765411,gamma,0.2
3.562247890262442,2.484827501835503,0.5611027388805181,0.9397831284533255,gamma,0.2
3.562247890262442,3.0017360074677835,0.6017165410863949,0.9443747045594374,gamma,0.2
3.562247890262442,3.6261748760719885,0.6291281004446841,0.9502320073847322,gamma,0.2
3.562247890262442,4.38051320940382,0.6425595881847184,0.9543628573444101,gamma,0.2
3.562247890262442,5.291773461997922,0.6479730492487327,0.9554050790881733,gamma,0.2
3.562247890262442,6.392599459120591,0.6494677385262364,0.9553516297741227,gamma,0.2
3.562247890262442,7.722425787539303,0.6493635621440653,0.9539061586152361,gamma,0.2
3.562247890262442,9.328890449872787,0.6469849304361563,0.9501473188071615,gamma,0.2
3.562247890262442,11.26954138764972,0.6461235058736717,0.9470288962869238,gamma,0.2
3.562247890262442,13.613898005381975,0.645949758323265,0.9451293331484673,gamma,0.2
3.562247890262442,16.445941545061906,0.6458356609772143,0.9436000820606754,gamma,0.2
3.562247890262442,19.867123523084192,0.6460761814788945,0.942559881581751,gamma,0.2
3.562247890262442,23.999999999999993,0.6462980112702568,0.9416795757127779,gamma,0.2
4.520353656360243,0.1,0.5654728114272005,0.8558797256678724,gamma,0.2
4.520353656360243,0.12080259113562,0.56437280135833,0.8579205949200057,gamma,0.2
4.520353656360243,0.14593266025079774,0.564044603405146,0.8598630030910224,gamma,0.2
4.520353656360243,0.1762904348961046,0.5635406659701803,0.86198060455617,gamma,0.2
4.520353656360243,0.21296341327874763,0.5629654849533878,0.8643201757718278,gamma,0.2
4.520353656360243,0.25726532141158615,0.5634474403220986,0.868027755318548,gamma,0.2
4.520353656360243,0.31078317435857705,0.5645765921390781,0.8730608214458646,gamma,0.2
4.520353656360243,0.37543412743869276,0.5656342790798428,0.8779294568862387,gamma,0.2
4.520353656360243,0.45353415395334656,0.56839919567269,0.8830505567209171,gamma,0.2
4.520353656360243,0.5478810096606547,0.5719323321364215,0.8899132590928823,gamma,0.2
4.520353656360243,0.6618544560100672,0.5751272241162921,0.8970813495582204,gamma,0.2
4.520353656360243,0.7995373324067232,0.5788518733489665,0.9058622380591748,gamma,0.2
4.520353656360243,0.965861814643937,0.578386509158751,0.9142291831477629,gamma,0.2
4.520353656360243,1.166786098879395,0.5688196186623505,0.9237450194271377,gamma,0.2
4.520353656360243,1.4095078404565258,0.5416574942050454,0.931137326127132,gamma,0.2
4.520353656360243,1.7027219935312041,0.5601406243521381,0.9347649685668055,gamma,0.2
4.520353656360243,2.0569322880217786,0.5806258949302364,0.9383821969834366,gamma,0.2
4.520353656360243,2.484827501835503,0.5800667244879325,0.9411792342289885,gamma,0.2
4.520353656360243,3.0017360074677835,0.6127522092071813,0.9461014291172155,gamma,0.2
4.520353656360243,3.6261748760719885,0.634791475763807,0.9518831053381214,gamma,0.2
4.520353656360243,4.38051320940382,0.6480878316248984,0.9567432321123338,gamma,0.2
4.520353656360243,5.291773461997922,0.6527368986561715,0.9584535104134169,gamma,0.2
4.520353656360243,6.392599459120591,0.6530621994561204,0.957114416939995,gamma,0.2
4.520353656360243,7.722425787539303,0.6526363092774364,0.9553517607811552,gamma,0.2
4.520353656360243,9.328890449872787,0.6493959594308407,0.9503071209500623,gamma,0.2
4.520353656360243,11.26954138764972,0.6486267746546646,0.9473321395071647,gamma,0.2
4.520353656360243,13.613898005381975,0.6481292168045261,0.945285940340768,gamma,0.2
4.520353656360243,16.445941545061906,0.6477170418453411,0.9436208077696561,gamma,0.2
4.520353656360243,19.867123523084192,0.6478710147545212,0.9426955407327564,gamma,0.2
4.520353656360243,23.999999999999993,0.6478530214698611,0.9416462517464806,gamma,0.2
5.736152510448679,0.1,0.5674673959439561,0.8545321368347709,gamma,0.2
5.736152510448679,0.12080259113562,0.5667249872315441,0.8566819131258119,gamma,0.2
5.736152510448679,0.14593266025079774,0.5655106873143403,0.8587985922760836,gamma,0.2
5.736152510448679,0.1762904348961046,0.565139604113696,0.8608128172363604,gamma,0.2
5.736152510448679,0.21296341327874763,0.5646927205613937,0.8630527801812512,gamma,0.2
5.736152510448679,0.25726532141158615,0.5647302014995309,0.8658044549870981,gamma,0.2
5.736152510448679,0.31078317435857705,0.5660110285036228,0.8702948929163309,gamma,0.2
5.736152510448679,0.37543412743869276,0.5672099393245353,0.8755265634064108,gamma,0.2
5.736152510448679,0.45353415395334656,0.5693274302388657,0.881151226036545,gamma,0.2
5.736152510448679,0.5478810096606547,0.5727012254554631,0.8874643610154794,gamma,0.2
5.736152510448679,0.6618544560100672,0.5755039190212906,0.8943346087672155,gamma,0.2
5.736152510448679,0.7995373324067232,0.5791369985681246,0.9026261766463082,gamma,0.2
5.736152510448679,0.965861814643937,0.5813919234353732,0.9116245438837234,gamma,0.2
5.736152510448679,1.166786098879395,0.5770254835985619,0.9232418794061586,gamma,0.2
5.736152510448679,1.4095078404565258,0.5524569515700615,0.9314111676857944,gamma,0.2
5.736152510448679,1.7027219935312041,0.5722736541456329,0.9355190196339296,gamma,0.2
5.736152510448679,2.0569322880217786,0.5960614178786378,0.9397354004424407,gamma,0.2
5.736152510448679,2.484827501835503,0.5983564450927658,0.9426540215389658,gamma,0.2
5.736152510448679,3.0017360074677835,0.6219931231951537,0.9477545155915376,gamma,0.2
5.736152510448679,3.6261748760719885,0.6403859144380668,0.9537084398737917,gamma,0.2
5.736152510448679,4.38051320940382,0.6536549384083152,0.9595405208275225,gamma,0.2
5.736152510448679,5.291773461997922,0.6569477452046683,0.9610061330694483,gamma,0.2
5.736152510448679,6.392599459120591,0.6566837877691019,0.9588829995118977,gamma,0.2
5.736152510448679,7.722425787539303,0.655255244838399,0.9558962532754764,gamma,0.2
5.736152510448679,9.328890449872787,0.6520070926740553,0.9508055669229492,gamma,0.2
5.736152510448679,11.26954138764972,0.6506306158588889,0.9476615791225064,gamma,0.2
5.736152510448679,13.613898005381975,0.6498461191718548,0.9456400206923976,gamma,0.2
5.736152510448679,16.445941545061906,0.6493908445390888,0.944220923609593,gamma,0.2
5.736152510448679,19.867123523084192,0.6493417087097916,0.9433228152613542,gamma,0.2
5.736152510448679,23.999999999999993,0.6491479672851224,0.9422962303077074,gamma,0.2
7.27895384398315,0.1,0.5690897958712889,0.8531358127267114,gamma,0.2
7.27895384398315,0.12080259113562,0.5686635238775749,0.8550793373636077,gamma,0.2
7.27895384398315,0.14593266025079774,0.5678791561319608,0.8574308318323042,gamma,0.2
7.27895384398315,0.1762904348961046,0.5666502841223745,0.8596089215469868,gamma,0.2
7.27895384398315,0.21296341327874763,0.5664464177841373,0.8619967813496967,gamma,0.2
7.27895384398315,0.25726532141158615,0.5664201007694648,0.8645924163990257,gamma,0.2
7.27895384398315,0.31078317435857705,0.567534381473756,0.8681998766765864,gamma,0.2
7.27895384398315,0.37543412743869276,0.5689738305017623,0.8727858891620249,gamma,0.2
7.27895384398315,0.45353415395334656,0.5704086273738774,0.8781584438223503,gamma,0.2
7.27895384398315,0.5478810096606547,0.574181004446615,0.885524742108941,gamma,0.2
7.27895384398315,0.6618544560100672,0.576926956803318,0.8921576602336108,gamma,0.2
7.27895384398315,0.7995373324067232,0.5794349965106639,0.8993032971306872,gamma,0.2
7.27895384398315,0.965861814643937,0.5838267586154888,0.9103977207577761,gamma,0.2
7.27895384398315,1.166786098879395,0.5839626108921123,0.9227337934676916,gamma,0.2
7.27895384398315,1.4095078404565258,0.566775328064107,0.9312693137035778,gamma,0.2
7.27895384398315,1.7027219935312041,0.5866063333029632,0.9364371566405373,gamma,0.2
7.27895384398315,2.0569322880217786,0.6091700507149849,0.9409898825304958,gamma,0.2
7.27895384398315,2.484827501835503,0.613720092294261,0.944454645070836,gamma,0.2
7.27895384398315,3.0017360074677835,0.6292488272858362,0.949323312644936,gamma,0.2
7.27895384398315,3.6261748760719885,0.6459603697416361,0.9559958520626909,gamma,0.2
7.27895384398315,4.38051320940382,0.6571740264882343,0.96173454663387,gamma,0.2
7.27895384398315,5.291773461997922,0.659724755690584,0.9631289259540686,gamma,0.2
7.27895384398315,6.392599459120591,0.6591068295720944,0.960992674773224,gamma,0.2
7.27895384398315,7.722425787539303,0.6575304018030562,0.9572796588179872,gamma,0.2
7.27895384398315,9.328890449872787,0.6543219576937989,0.9520182457064775,gamma,0.2
7.27895384398315,11.26954138764972,0.6524075059544796,0.9485174784849535,gamma,0.2
7.27895384398315,13.613898005381975,0.6513458631657296,0.9463780541923481,gamma,0.2
7.27895384398315,16.445941545061906,0.6508424818996434,0.9450679014847111,gamma,0.2
7.27895384398315,19.867123523084192,0.6505878223259707,0.9440220319455639,gamma,0.2
7.27895384398315,23.999999999999993,0.6502820455446021,0.942943996129263,gamma,0.2
9.23670857187386,0.1,0.5704378523522919,0.8517896524105413,gamma,0.2
9.23670857187386,0.12080259113562,0.5701991789511769,0.8536176923685328,gamma,0.2
9.23670857187386,0.14593266025079774,0.5697439904371543,0.8557367919060219,gamma,0.2
9.23670857187386,0.1762904348961046,0.5689898164206326,0.8581440006158002,gamma,0.2
9.23670857187386,0.21296341327874763,0.568047693888379,0.8607253302959258,gamma,0.2
9.23670857187386,0.25726532141158615,0.5680753939545546,0.8633184755969529,gamma,0.2
9.23670857187386,0.31078317435857705,0.5688474956904706,0.8664305651164773,gamma,0.2
9.23670857187386,0.37543412743869276,0.5702971869628799,0.8705755492949869,gamma,0.2
9.23670857187386,0.45353415395334656,0.571821290619969,0.8754678258792195,gamma,0.2
9.23670857187386,0.5478810096606547,0.5750763003737898,0.8820351303029818,gamma,0.2
9.23670857187386,0.6618544560100672,0.5783815449569464,0.8900086742143047,gamma,0.2
9.23670857187386,0.7995373324067232,0.58105873631427,0.8969757456982397,gamma,0.2
9.23670857187386,0.965861814643937,0.5863969028334676,0.9098683808781963,gamma,0.2
9.23670857187386,1.166786098879395,0.5888366267805297,0.9220704779573208,gamma,0.2
9.23670857187386,1.4095078404565258,0.5791454306597549,0.9311091802516912,gamma,0.2
9.23670857187386,1.7027219935312041,0.5941680532975463,0.9366467025860247,gamma,0.2
9.23670857187386,2.0569322880217786,0.6174785447421061,0.9421464534692608,gamma,0.2
9.23670857187386,2.484827501835503,0.6227686233424286,0.9457603097560352,gamma,0.2
9.23670857187386,3.0017360074677835,0.6349086977289754,0.9508601037163215,gamma,0.2
9.23670857187386,3.6261748760719885,0.6523617282941079,0.9592123886200544,gamma,0.2
9.23670857187386,4.38051320940382,0.6599593250049643,0.9637639468452944,gamma,0.2
9.23670857187386,5.291773461997922,0.6618073156470199,0.9648700856766602,gamma,0.2
9.23670857187386,6.392599459120591,0.6610037472554999,0.9626150855174697,gamma,0.2
9.23670857187386,7.722425787539303,0.6593473562305456,0.9582290287002431,gamma,0.2
9.23670857187386,9.328890449872787,0.6561845035312586,0.952897727593216,gamma,0.2
9.23670857187386,11.26954138764972,0.6539163981292727,0.9491561900499967,gamma,0.2
9.23670857187386,13.613898005381975,0.6528427911811464,0.9470480414708372,gamma,0.2
9.23670857187386,16.445941545061906,0.6522478170730042,0.9458046501743606,gamma,0.2
9.23670857187386,19.867123523084192,0.6517319303720294,0.9446187388784664,gamma,0.2
9.23670857187386,23.999999999999993,0.6513866038764726,0.9436001651948435,gamma,0.2
11.721022975334806,0.1,0.5713743345248001,0.8508440616229782,gamma,0.2
11.721022975334806,0.12080259113562,0.5712319105125547,0.8524610189226912,gamma,0.2
11.721022975334806,0.14593266025079774,0.5709766113560287,0.8544580222906947,gamma,0.2
11.721022975334806,0.1762904348961046,0.57055469379315,0.8566396196158955,gamma,0.2
11.721022975334806,0.21296341327874763,0.5700191639754645,0.8592840382410798,gamma,0.2
11.721022975334806,0.25726532141158615,0.5692337817601878,0.862006580718138,gamma,0.2
11.721022975334806,0.31078317435857705,0.569671368495671,0.8648399998753743,gamma,0.2
11.721022975334806,0.37543412743869276,0.5709154388236684,0.8684513761342179,gamma,0.2
11.721022975334806,0.45353415395334656,0.5725013280912866,0.8730441516157796,gamma,0.2
11.721022975334806,0.5478810096606547,0.5750518915381079,0.8790288693486537,gamma,0.2
11.721022975334806,0.6618544560100672,0.5791758551593109,0.8865280157480862,gamma,0.2
11.721022975334806,0.7995373324067232,0.582219640352381,0.8957950037802419,gamma,0.2
11.721022975334806,0.965861814643937,0.5870818260226283,0.9087331699061296,gamma,0.2
11.721022975334806,1.166786098879395,0.5904675970114786,0.9210393739275683,gamma,0.2
11.721022975334806,1.4095078404565258,0.5835549339414227,0.9302449218700424,gamma,0.2
11.721022975334806,1.7027219935312041,0.5951549054933938,0.9363871838312193,gamma,0.2
11.721022975334806,2.0569322880217786,0.6200788836499691,0.9425357742254994,gamma,0.2
11.721022975334806,2.484827501835503,0.6270190192873561,0.9465425278097768,gamma,0.2
11.721022975334806,3.0017360074677835,0.6415572166414425,0.9527607502720441,gamma,0.2
11.721022975334806,3.6261748760719885,0.655632102006078,0.9608372673684356,gamma,0.2
11.721022975334806,4.38051320940382,0.661485608709172,0.9647985670894251,gamma,0.2
11.721022975334806,5.291773461997922,0.663106189451431,0.9656168696968493,gamma,0.2
11.721022975334806,6.392599459120591,0.6620795816986813,0.9632312001754255,gamma,0.2
11.721022975334806,7.722425787539303,0.6603390742415589,0.9585946182049904,gamma,0.2
11.721022975334806,9.328890449872787,0.6572495286355884,0.9532314141700329,gamma,0.2
11.721022975334806,11.26954138764972,0.6547938638573724,0.9493722162853658,gamma,0.2
11.721022975334806,13.613898005381975,0.6539251438015192,0.9475843346854106,gamma,0.2
11.721022975334806,16.445941545061906,0.653255021066498,0.9462939037137558,gamma,0.2
11.721022975334806,19.867123523084192,0.6526806450194809,0.9450903148948323,gamma,0.2
11.721022975334806,23.999999999999993,0.6527427244257153,0.9444989311924776,gamma,0.2
14.873521072935118,0.1,0.5720885697162102,0.8502156540692309,gamma,0.2
14.873521072935118,0.12080259113562,0.5719962309024763,0.8517304874043516,gamma,0.2
14.873521072935118,0.14593266025079774,0.5718844086216243,0.8535768562095079,gamma,0.2
14.873521072935118,0.1762904348961046,0.5716267114843468,0.8556920788041625,gamma,0.2
14.873521072935118,0.21296341327874763,0.5712495153525793,0.8581385484691887,gamma,0.2
14.873521072935118,0.25726532141158615,0.570708606420781,0.8607639556428297,gamma,0.2
14.873521072935118,0.31078317435857705,0.5699959728507562,0.8636814500462547,gamma,0.2
14.873521072935118,0.37543412743869276,0.5708602162285356,0.8668736857769457,gamma,0.2
14.873521072935118,0.45353415395334656,0.5724672542825356,0.8711473823851186,gamma,0.2
14.873521072935118,0.5478810096606547,0.5742011486560633,0.8763863782240567,gamma,0.2
14.873521072935118,0.6618544560100672,0.578336923450375,0.8835264132323613,gamma,0.2
14.873521072935118,0.7995373324067232,0.5834638650615671,0.8933346795788942,gamma,0.2
14.873521072935118,0.965861814643937,0.5875642926855681,0.907114980220376,gamma,0.2
14.873521072935118,1.166786098879395,0.5905273423193688,0.920096113202061,gamma,0.2
14.873521072935118,1.4095078404565258,0.5858988322242256,0.9297201598182474,gamma,0.2
14.873521072935118,1.7027219935312041,0.5918588075486041,0.9358474362610238,gamma,0.2
14.873521072935118,2.0569322880217786,0.6179266046481233,0.9418460063494486,gamma,0.2
14.873521072935118,2.484827501835503,0.628168330343571,0.9465719183032516,gamma,0.2
14.873521072935118,3.0017360074677835,0.6469452249253717,0.9545084415929798,gamma,0.2
14.873521072935118,3.6261748760719885,0.6578918203103906,0.9619727274651051,gamma,0.2
14.873521072935118,4.38051320940382,0.66279256164383,0.9656473608595315,gamma,0.2
14.873521072935118,5.291773461997922,0.6641806641507452,0.9661394950021368,gamma,0.2
14.873521072935118,6.392599459120591,0.6632484127496681,0.9637612069288155,gamma,0.2
14.873521072935118,7.722425787539303,0.6611565489259003,0.9588390248788085,gamma,0.2
14.873521072935118,9.328890449872787,0.6581598514989981,0.9534436259581806,gamma,0.2
14.873521072935118,11.26954138764972,0.655577074160783,0.9494734023983145,gamma,0.2
14.873521072935118,13.613898005381975,0.6548254750968636,0.9479554520759775,gamma,0.2
14.873521072935118,16.445941545061906,0.6543468928373287,0.946813955829113,gamma,0.2
14.873521072935118,19.867123523084192,0.654075369288949,0.9458446498842847,gamma,0.2
14.873521072935118,23.999999999999993,0.6540683012811145,0.9452307226943935,gamma,0.2
18.873918221350976,0.1,0.572647029212572,0.8494363785569047,gamma,0.2
18.873918221350976,0.12080259113562,0.5727304440114118,0.8510868513407869,gamma,0.2
18.873918221350976,0.14593266025079774,0.5726853748055727,0.8527145627089378,gamma,0.2
18.873918221350976,0.1762904348961046,0.5725807742296434,0.8547945550455648,gamma,0.2
18.873918221350976,0.21296341327874763,0.5723321918844586,0.8570162945375067,gamma,0.2
18.873918221350976,0.25726532141158615,0.5720208994464333,0.8596464273919222,gamma,0.2
18.873918221350976,0.31078317435857705,0.5714842393946976,0.8623927642154692,gamma,0.2
18.873918221350976,0.37543412743869276,0.5711943414480206,0.8656048655760088,gamma,0.2
18.873918221350976,0.45353415395334656,0.5723671874577677,0.869346971905341,gamma,0.2
18.873918221350976,0.5478810096606547,0.5739928336920601,0.8740741676642608,gamma,0.2
18.873918221350976,0.6618544560100672,0.5771305930202637,0.8802735466028874,gamma,0.2
18.873918221350976,0.7995373324067232,0.5834374191561732,0.8906908091307344,gamma,0.2
18.873918221350976,0.965861814643937,0.5882489178658385,0.9037782552524831,gamma,0.2
18.873918221350976,1.166786098879395,0.5903847440645987,0.9177352009802673,gamma,0.2
18.873918221350976,1.4095078404565258,0.5832513766857377,0.9290482065982679,gamma,0.2
18.873918221350976,1.7027219935312041,0.583427522906326,0.9353316285965455,gamma,0.2
18.873918221350976,2.0569322880217786,0.6145571753137886,0.9410025492154562,gamma,0.2
18.873918221350976,2.484827501835503,0.6312816125577528,0.946723280365358,gamma,0.2
18.873918221350976,3.0017360074677835,0.651367349845689,0.9564210883160965,gamma,0.2
18.873918221350976,3.6261748760719885,0.659801064543403,0.963016486819786,gamma,0.2
18.873918221350976,4.38051320940382,0.6638416676030757,0.966269792607203,gamma,0.2
18.873918221350976,5.291773461997922,0.6651488580206871,0.9665475546897473,gamma,0.2
18.873918221350976,6.392599459120591,0.6642884841764539,0.9640950827922118,gamma,0.2
18.873918221350976,7.722425787539303,0.6620900578394935,0.9590165338329266,gamma,0.2
18.873918221350976,9.328890449872787,0.6590538826879417,0.953620261582495,gamma,0.2
18.873918221350976,11.26954138764972,0.6565008583276934,0.9497756431287683,gamma,0.2
18.873918221350976,13.613898005381975,0.6560878077924006,0.948600957193535,gamma,0.2
18.873918221350976,16.445941545061906,0.6558148385069165,0.9476431005337494,gamma,0.2
18.873918221350976,19.867123523084192,0.6553318294296058,0.9465236868192657,gamma,0.2
18.873918221350976,23.999999999999993,0.6550129565646378,0.9456418061351226,gamma,0.2
23.95026619987486,0.1,0.5731745638495149,0.8487030690429764,gamma,0.2
23.95026619987486,0.12080259113562,0.573382158292144,0.850412218967941,gamma,0.2
23.95026619987486,0.14593266025079774,0.5734567130261707,0.8520301501817137,gamma,0.2
23.95026619987486,0.1762904348961046,0.573467106904404,0.8539295255809177,gamma,0.2
23.95026619987486,0.21296341327874763,0.5733635253869934,0.856115313967023,gamma,0.2
23.95026619987486,0.25726532141158615,0.5732167693682456,0.8586238948303972,gamma,0.2
23.95026619987486,0.31078317435857705,0.5727434752498517,0.8612179891322149,gamma,0.2
23.95026619987486,0.37543412743869276,0.5723481388013463,0.864266627938337,gamma,0.2
23.95026619987486,0.45353415395334656,0.5719494730607588,0.8675968703711638,gamma,0.2
23.95026619987486,0.5478810096606547,0.5730277405870057,0.8718079462674717,gamma,0.2
23.95026619987486,0.6618544560100672,0.5750699135137939,0.8769733114301214,gamma,0.2
23.95026619987486,0.7995373324067232,0.5824087589954753,0.8879963047914713,gamma,0.2
23.95026619987486,0.965861814643937,0.5876599025226077,0.9005438023754508,gamma,0.2
23.95026619987486,1.166786098879395,0.5917554692209476,0.9154238924271239,gamma,0.2
23.95026619987486,1.4095078404565258,0.584899886745594,0.9277404282580584,gamma,0.2
23.95026619987486,1.7027219935312041,0.574181312027039,0.9349418104602405,gamma,0.2
23.95026619987486,2.0569322880217786,0.6096008858605179,0.9402493417381178,gamma,0.2
23.95026619987486,2.484827501835503,0.6357182205570114,0.9471470462856574,gamma,0.2
23.95026619987486,3.0017360074677835,0.654781615704868,0.9580563384817342,gamma,0.2
23.95026619987486,3.6261748760719885,0.661449572348951,0.9639400677216682,gamma,0.2
23.95026619987486,4.38051320940382,0.6648075560650231,0.9668444560269601,gamma,0.2
23.95026619987486,5.291773461997922,0.666075239434946,0.9669050917196356,gamma,0.2
23.95026619987486,6.392599459120591,0.6651832862391045,0.9642867998671226,gamma,0.2
23.95026619987486,7.722425787539303,0.6630007631637926,0.9591797410820543,gamma,0.2
23.95026619987486,9.328890449872787,0.6598009995008614,0.953636060694985,gamma,0.2
23.95026619987486,11.26954138764972,0.6578182861663303,0.9503840949958864,gamma,0.2
23.95026619987486,13.613898005381975,0.6572288961680228,0.9491142468239372,gamma,0.2
23.95026619987486,16.445941545061906,0.6566774115507407,0.9479182136799164,gamma,0.2
23.95026619987486,19.867123523084192,0.6560534997835259,0.9468056277592666,gamma,0.2
23.95026619987486,23.999999999999993,0.655566402806154,0.9458486971608825,gamma,0.2
30.391953823131978,0.1,0.5736605939060252,0.8480162850784807,gamma,0.2
30.391953823131978,0.12080259113562,0.5739171295699086,0.8496453958995437,gamma,0.2
30.391953823131978,0.14593266025079774,0.5740756473958414,0.8514119116505161,gamma,0.2
30.391953823131978,0.1762904348961046,0.5740748295067791,0.8530937271686251,gamma,0.2
30.391953823131978,0.21296341327874763,0.5739889887555646,0.8552050617084137,gamma,0.2
30.391953823131978,0.25726532141158615,0.5737828408889087,0.8575386788845409,gamma,0.2
30.391953823131978,0.31078317435857705,0.5734865877583197,0.8601146995808442,gamma,0.2
30.391953823131978,0.37543412743869276,0.5730942739500904,0.8629724752417399,gamma,0.2
30.391953823131978,0.45353415395334656,0.5728519047948907,0.8661507591111179,gamma,0.2
30.391953823131978,0.5478810096606547,0.5722774763433538,0.8695388257701421,gamma,0.2
30.391953823131978,0.6618544560100672,0.5738181030927905,0.8749803583385422,gamma,0.2
30.391953823131978,0.7995373324067232,0.5811673954117959,0.8861862701015312,gamma,0.2
30.391953823131978,0.965861814643937,0.5877758136153657,0.8988014489632746,gamma,0.2
30.391953823131978,1.166786098879395,0.593727578004895,0.9140224344621456,gamma,0.2
30.391953823131978,1.4095078404565258,0.5890426980792852,0.9266172546438469,gamma,0.2
30.391953823131978,1.7027219935312041,0.5712543184166232,0.9343587281337432,gamma,0.2
30.391953823131978,2.0569322880217786,0.6011396348053449,0.9396284851743549,gamma,0.2
30.391953823131978,2.484827501835503,0.6399338535958197,0.9478557159692902,gamma,0.2
30.391953823131978,3.0017360074677835,0.6577740974800709,0.9592370049316691,gamma,0.2
30.391953823131978,3.6261748760719885,0.6629375933437687,0.9648061173552595,gamma,0.2
30.391953823131978,4.38051320940382,0.6656603235549649,0.9673337651959817,gamma,0.2
30.391953823131978,5.291773461997922,0.6667937024420186,0.9670735612978435,gamma,0.2
30.391953823131978,6.392599459120591,0.6653602160035055,0.9638418448445207,gamma,0.2
30.391953823131978,7.722425787539303,0.6631528532234714,0.9585444798528571,gamma,0.2
30.391953823131978,9.328890449872787,0.6604214731554608,0.9533750401058754,gamma,0.2
30.391953823131978,11.26954138764972,0.658878089213718,0.9507654973679107,gamma,0.2
30.391953823131978,13.613898005381975,0.6580774625324783,0.9494524029941658,gamma,0.2
30.391953823131978,16.445941545061906,0.6573481353694508,0.9482208689671706,gamma,0.2
30.391953823131978,19.867123523084192,0.6566894249578682,0.9470911561549724,gamma,0.2
30.391953823131978,23.999999999999993,0.6562102213858466,0.9461367456176484,gamma,0.2
38.56620421163472,0.1,0.5739214297034851,0.8473834913189457,gamma,0.2
38.56620421163472,0.12080259113562,0.5741331298854268,0.8489096081951234,gamma,0.2
38.56620421163472,0.14593266025079774,0.574321955431615,0.8506482005540413,gamma,0.2
38.56620421163472,0.1762904348961046,0.5744027257035886,0.8523453582561424,gamma,0.2
38.56620421163472,0.21296341327874763,0.5744321254743314,0.8543039405870713,gamma,0.2
38.56620421163472,0.25726532141158615,0.5742921615035584,0.8565084308792266,gamma,0.2
38.56620421163472,0.31078317435857705,0.5741460984926123,0.8590677313725656,gamma,0.2
38.56620421163472,0.37543412743869276,0.5737748608446896,0.8617001502893761,gamma,0.2
38.56620421163472,0.45353415395334656,0.5735324021898826,0.864746243920907,gamma,0.2
38.56620421163472,0.5478810096606547,0.5729086615255751,0.8679605272432588,gamma,0.2
38.56620421163472,0.6618544560100672,0.5737432900629812,0.873943830868839,gamma,0.2
38.56620421163472,0.7995373324067232,0.5801203216752614,0.8846290572906385,gamma,0.2
38.56620421163472,0.965861814643937,0.5890126945556758,0.8980829289973384,gamma,0.2
38.56620421163472,1.166786098879395,0.5950549344178214,0.9128243752762563,gamma,0.2
38.56620421163472,1.4095078404565258,0.5918925959353113,0.9257132343887605,gamma,0.2
38.56620421163472,1.7027219935312041,0.5698066957778465,0.9335779576853918,gamma,0.2
38.56620421163472,2.0569322880217786,0.6142651305247238,0.9402101511657628,gamma,0.2
38.56620421163472,2.484827501835503,0.6437815978275834,0.9489312423662088,gamma,0.2
38.56620421163472,3.0017360074677835,0.660372168112675,0.9603829279446373,gamma,0.2
38.56620421163472,3.6261748760719885,0.6641847858139004,0.9656461875200415,gamma,0.2
38.56620421163472,4.38051320940382,0.6659454714824521,0.967530278245035,gamma,0.2
38.56620421163472,5.291773461997922,0.6670853608871614,0.9669152420667813,gamma,0.2
38.56620421163472,6.392599459120591,0.6658063802967502,0.9634431158433185,gamma,0.2
38.56620421163472,7.722425787539303,0.6642677819649816,0.9587169027595633,gamma,0.2
38.56620421163472,9.328890449872787,0.6614573462378602,0.9534535180847191,gamma,0.2
38.56620421163472,11.26954138764972,0.6602406258387504,0.9514562516449446,gamma,0.2
38.56620421163472,13.613898005381975,0.6592100239637632,0.9500563154094342,gamma,0.2
38.56620421163472,16.445941545061906,0.6584856422763035,0.9488440673337435,gamma,0.2
38.56620421163472,19.867123523084192,0.6577572334430218,0.9476608678442349,gamma,0.2
38.56620421163472,23.999999999999993,0.6573838316580213,0.946804719778039,gamma,0.2
48.93900918477494,0.1,0.574045927078162,0.8468085370516386,gamma,0.2
48.93900918477494,0.12080259113562,0.574263309987855,0.848239275445888,gamma,0.2
48.93900918477494,0.14593266025079774,0.5744630750217661,0.849883818364486,gamma,0.2
48.93900918477494,0.1762904348961046,0.5746356243015036,0.8516772813784264,gamma,0.2
48.93900918477494,0.21296341327874763,0.5746767477566518,0.8534239297173931,gamma,0.2
48.93900918477494,0.25726532141158615,0.5746624560926342,0.8555788434950915,gamma,0.2
48.93900918477494,0.31078317435857705,0.5745183221815553,0.8580032439922963,gamma,0.2
48.93900918477494,0.37543412743869276,0.5740719176893269,0.8604499220923872,gamma,0.2
48.93900918477494,0.45353415395334656,0.5736118430771425,0.8633617084750668,gamma,0.2
48.93900918477494,0.5478810096606547,0.5731099289116592,0.8665211428041794,gamma,0.2
48.93900918477494,0.6618544560100672,0.5750896053715842,0.8733857432739908,gamma,0.2
48.93900918477494,0.7995373324067232,0.580316781978778,0.8843181734506037,gamma,0.2
48.93900918477494,0.965861814643937,0.5893588691061145,0.8978239043475432,gamma,0.2
48.93900918477494,1.166786098879395,0.5950840223945703,0.9122073265007444,gamma,0.2
48.93900918477494,1.4095078404565258,0.5916416701610688,0.9248306637867555,gamma,0.2
48.93900918477494,1.7027219935312041,0.5916793471118886,0.9343991754253045,gamma,0.2
48.93900918477494,2.0569322880217786,0.629663272907825,0.9419117373604975,gamma,0.2
48.93900918477494,2.484827501835503,0.6496016559528556,0.9506858119876166,gamma,0.2
48.93900918477494,3.0017360074677835,0.6630886296954986,0.961713611557934,gamma,0.2
48.93900918477494,3.6261748760719885,0.6666498275617658,0.9668904075555083,gamma,0.2
48.93900918477494,4.38051320940382,0.6664604155905888,0.9678632929058653,gamma,0.2
48.93900918477494,5.291773461997922,0.6680134697923005,0.967229392904701,gamma,0.2
48.93900918477494,6.392599459120591,0.6671174552016703,0.9637019095110314,gamma,0.2
48.93900918477494,7.722425787539303,0.6654445818983291,0.9590828738882783,gamma,0.2
48.93900918477494,9.328890449872787,0.6628468951073476,0.9539623952820048,gamma,0.2
48.93900918477494,11.26954138764972,0.6618978629585331,0.952345025713453,gamma,0.2
48.93900918477494,13.613898005381975,0.6607054893645494,0.9508524423036522,gamma,0.2
48.93900918477494,16.445941545061906,0.6598493616355823,0.9496294352280038,gamma,0.2
48.93900918477494,19.867123523084192,0.6592171783109458,0.9485314752551418,gamma,0.2
48.93900918477494,23.999999999999993,0.6588166065048303,0.9477063298148402,gamma,0.2
62.10169418915616,0.1,0.5741375178918441,0.8462887299991987,gamma,0.2
62.10169418915616,0.12080259113562,0.5743504524548084,0.8476285096011508,gamma,0.2
62.10169418915616,0.14593266025079774,0.5745532480256675,0.8491576831764973,gamma,0.2
62.10169418915616,0.1762904348961046,0.5747696746516415,0.8509274155667099,gamma,0.2
62.10169418915616,0.21296341327874763,0.5748727080332227,0.8526449698575156,gamma,0.2
62.10169418915616,0.25726532141158615,0.5748348059250205,0.8546916938982857,gamma,0.2
62.10169418915616,0.31078317435857705,0.5745104580055319,0.8568983683873703,gamma,0.2
62.10169418915616,0.37543412743869276,0.5741669719266567,0.8593741152968527,gamma,0.2
62.10169418915616,0.45353415395334656,0.573688313472568,0.8619811661287318,gamma,0.2
62.10169418915616,0.5478810096606547,0.5730881621312278,0.865223194723307,gamma,0.2
62.10169418915616,0.6618544560100672,0.5764816577640374,0.8731750894812338,gamma,0.2
62.10169418915616,0.7995373324067232,0.5815065724267552,0.8837828842397955,gamma,0.2
62.10169418915616,0.965861814643937,0.5891362453013615,0.8973022873886456,gamma,0.2
62.10169418915616,1.166786098879395,0.5946267316664484,0.9120144592988129,gamma,0.2
62.10169418915616,1.4095078404565258,0.6008147407376959,0.9256505179171687,gamma,0.2
62.10169418915616,1.7027219935312041,0.6151449782382188,0.9361038820669094,gamma,0.2
62.10169418915616,2.0569322880217786,0.6421224332610161,0.9443793907253647,gamma,0.2
62.10169418915616,2.484827501835503,0.6539537890390222,0.9521533238620834,gamma,0.2
62.10169418915616,3.0017360074677835,0.6662453985765829,0.9624432652049959,gamma,0.2
62.10169418915616,3.6261748760719885,0.6694114831217198,0.9681001525521656,gamma,0.2
62.10169418915616,4.38051320940382,0.6681412328617818,0.9686549186900928,gamma,0.2
62.10169418915616,5.291773461997922,0.6691303607524948,0.9676502870048768,gamma,0.2
62.10169418915616,6.392599459120591,0.668190380789103,0.963966136916484,gamma,0.2
62.10169418915616,7.722425787539303,0.6664840169180766,0.9594336088101951,gamma,0.2
62.10169418915616,9.328890449872787,0.6645143512429701,0.954899419262453,gamma,0.2
62.10169418915616,11.26954138764972,0.6634384963620654,0.9531230457144934,gamma,0.2
62.10169418915616,13.613898005381975,0.6622663404828506,0.9516569700863797,gamma,0.2
62.10169418915616,16.445941545061906,0.6612807182919361,0.9504971472694907,gamma,0.2
62.10169418915616,19.867123523084192,0.6607079109401275,0.9494788183113502,gamma,0.2
62.10169418915616,23.999999999999993,0.6601991281438891,0.9485986996076631,gamma,0.2
78.80462815669912,0.1,0.574220907972439,0.8457979314298073,gamma,0.2
78.80462815669912,0.12080259113562,0.5744293052712328,0.8470522999372215,gamma,0.2
78.80462815669912,0.14593266025079774,0.5746309129282451,0.8484819171669361,gamma,0.2
78.80462815669912,0.1762904348961046,0.5748312337366441,0.8501752725767519,gamma,0.2
78.80462815669912,0.21296341327874763,0.5748884984609316,0.8520217333836522,gamma,0.2
78.80462815669912,0.25726532141158615,0.5747839257698748,0.8538283405898311,gamma,0.2
78.80462815669912,0.31078317435857705,0.5745721987517063,0.8559877776814252,gamma,0.2
78.80462815669912,0.37543412743869276,0.5742915292054772,0.8584861184148879,gamma,0.2
78.80462815669912,0.45353415395334656,0.5738163218959585,0.8609359460712018,gamma,0.2
78.80462815669912,0.5478810096606547,0.5742857708597036,0.8651979362128592,gamma,0.2
78.80462815669912,0.6618544560100672,0.5780930241933542,0.8733485552906142,gamma,0.2
78.80462815669912,0.7995373324067232,0.583156345180127,0.8836989105511139,gamma,0.2
78.80462815669912,0.965861814643937,0.5897680636819075,0.8961502770259313,gamma,0.2
78.80462815669912,1.166786098879395,0.6020878241745579,0.9134720233511924,gamma,0.2
78.80462815669912,1.4095078404565258,0.6161333851111083,0.9281914418103638,gamma,0.2
78.80462815669912,1.7027219935312041,0.6305734106944881,0.9379938241487074,gamma,0.2
78.80462815669912,2.0569322880217786,0.648874374968651,0.9456331824961943,gamma,0.2
78.80462815669912,2.484827501835503,0.657919131799467,0.9530613083974547,gamma,0.2
78.80462815669912,3.0017360074677835,0.6684253219705066,0.9628673673223719,gamma,0.2
78.80462815669912,3.6261748760719885,0.6727144054763828,0.9688190142628217,gamma,0.2
78.80462815669912,4.38051320940382,0.6718642102291361,0.9703310877548446,gamma,0.2
78.80462815669912,5.291773461997922,0.6701996641841466,0.9680125638635692,gamma,0.2
78.80462815669912,6.392599459120591,0.6692378893554202,0.9642581453647188,gamma,0.2
78.80462815669912,7.722425787539303,0.6675374940540124,0.9598281742272666,gamma,0.2
78.80462815669912,9.328890449872787,0.6660339943351135,0.9558163045468209,gamma,0.2
78.80462815669912,11.26954138764972,0.664980459955429,0.9539377605361641,gamma,0.2
78.80462815669912,13.613898005381975,0.6638660046939083,0.9525545194985754,gamma,0.2
78.80462815669912,16.445941545061906,0.66292063616548,0.9514917799768758,gamma,0.2
78.80462815669912,19.867123523084192,0.6621957600272237,0.9504345716299877,gamma,0.2
78.80462815669912,23.999999999999993,0.6616496875868095,0.9495814243384739,gamma,0.2
100.0,0.1,0.5743113289287116,0.8453629495733679,gamma,0.2
100.0,0.12080259113562,0.5745127870256599,0.8465350468898637,gamma,0.2
100.0,0.14593266025079774,0.5746286297682839,0.847924675001897,gamma,0.2
100.0,0.1762904348961046,0.5747786007843738,0.8495534018872647,gamma,0.2
100.0,0.21296341327874763,0.574910150384409,0.8514034147929123,gamma,0.2
100.0,0.25726532141158615,0.5748649142532608,0.8531311744001653,gamma,0.2
100.0,0.31078317435857705,0.5747586624799266,0.8552393038529206,gamma,0.2
100.0,0.37543412743869276,0.5744389068463837,0.8576843592492073,gamma,0.2
100.0,0.45353415395334656,0.573912279120177,0.8601831294367143,gamma,0.2
100.0,0.5478810096606547,0.5756896844752664,0.8654515977287349,gamma,0.2
100.0,0.6618544560100672,0.5799400988455073,0.8737329655345596,gamma,0.2
100.0,0.7995373324067232,0.5864421211838632,0.8845467397177111,gamma,0.2
100.0,0.965861814643937,0.5966110917766222,0.8982037436831658,gamma,0.2
100.0,1.166786098879395,0.6144382643455264,0.9163490507764216,gamma,0.2
100.0,1.4095078404565258,0.6276111190288528,0.9303208445544103,gamma,0.2
100.0,1.7027219935312041,0.6401553118984153,0.9395070779182285,gamma,0.2
100.0,2.0569322880217786,0.6536584853178173,0.9466225425557606,gamma,0.2
100.0,2.484827501835503,0.6612015254829804,0.9537313752105673,gamma,0.2
100.0,3.0017360074677835,0.6697315884934918,0.9627009945612444,gamma,0.2
100.0,3.6261748760719885,0.6747453511411009,0.9682670881498265,gamma,0.2
100.0,4.38051320940382,0.676486217530627,0.9718319254495699,gamma,0.2
100.0,5.291773461997922,0.6737245390858205,0.9699396635750303,gamma,0.2
100.0,6.392599459120591,0.6705413457702764,0.9648082070264954,gamma,0.2
100.0,7.722425787539303,0.6689806420451498,0.960569502795961,gamma,0.2
100.0,9.328890449872787,0.6678578812272342,0.9570667704873228,gamma,0.2
100.0,11.26954138764972,0.666918701938289,0.9551434287267803,gamma,0.2
100.0,13.613898005381975,0.6659401447398683,0.9539340582864694,gamma,0.2
100.0,16.445941545061906,0.6648599591704228,0.9527086449087698,gamma,0.2
100.0,19.867123523084192,0.6638289344700699,0.9515431389124215,gamma,0.2
100.0,23.999999999999993,0.6632104308445008,0.950680001340083,gamma,0.2
