SampleID,z0,z1,z2,z3,z4,z5,z6,z7,z8,z9,z10,z11,z12,z13,z14,z15
Atha_Ler-0_sl_FLT_uG_Rep1,-0.2985183,0.49758443,-0.99532104,-0.58328426,-0.4715448,-0.3742435,1.0445843,-1.7836761,0.5993452,1.1073543,1.3704953,-2.8366601,0.59197557,0.14069545,0.79670197,1.156366
Atha_Ler-0_sl_FLT_uG_Rep2,-1.139061,-0.27974895,1.2432171,-0.11128253,-0.18559575,0.46498433,0.056960374,0.24005786,0.3597589,0.8828653,1.521902,-1.4147469,0.64743966,-1.5114558,-2.9367895,1.0211564
Atha_Ler-0_sl_FLT_uG_Rep3,0.79399276,0.32965797,-1.1523772,-0.25530964,0.4128248,0.08709182,1.6069617,-1.126702,-0.650087,-0.47627634,0.7381177,1.4063028,1.5360167,0.92865235,0.30979437,1.3410041
Atha_Ler-0_sl_FLT_uG_Rep4,0.41352797,0.370771,-1.0027928,0.064672396,-0.19706354,0.41173863,-0.7274034,-0.03175632,-0.17764008,-0.25902832,-0.5877062,0.22837028,1.769833,-1.0647684,1.1994994,0.8914443
Atha_Ler-0_sl_FLT_0.09G_Rep1,0.196576,-0.0043899976,0.9695054,-1.3141487,0.19789292,0.07477778,1.2002157,0.9470447,0.23647507,1.9103922,0.8595245,0.450127,0.7771041,-1.6295656,-1.4804804,0.35554212
Atha_Ler-0_sl_FLT_0.09G_Rep2,-0.4747819,0.1971581,-0.26770803,-0.6584643,-0.43528742,0.20047417,1.3197896,-0.38985103,-3.057148,-0.6702843,0.76845646,-0.3804987,-0.956741,-0.6019317,-1.4536476,0.1357846
Atha_Ler-0_sl_FLT_0.09G_Rep3,-0.67825896,0.65664506,0.49150953,-0.92785376,-0.028362673,0.36861128,2.2894802,-1.0973856,0.7019804,0.073347926,0.047874242,0.26413652,-0.050919652,-0.19932956,0.997455,-0.15934741
Atha_Ler-0_sl_FLT_0.18G_Rep1,0.0109834075,-0.3359823,0.05979137,-1.2245626,-1.494541,-0.8457297,0.5961425,1.724614,1.0030158,-1.1133132,0.019359522,-0.2382179,-0.1211851,1.004579,-0.49301147,0.43454006
Atha_Ler-0_sl_FLT_0.18G_Rep2,0.8848453,-0.3566316,-0.04062715,0.8055927,-0.033425726,0.6979119,0.27120802,-0.042360805,-0.6906587,-0.34198272,0.58030987,-2.0369265,1.2843705,-0.71505815,-0.7479621,1.3389525
Atha_Ler-0_sl_FLT_0.18G_Rep3,0.11618137,-1.406301,-0.5090527,-0.27941686,-0.17500414,-0.420517,-0.6711902,-1.3044163,1.7034405,-1.1148288,0.6255506,0.009490997,0.25659454,-1.4855171,1.5542834,0.4315954
Atha_Ler-0_sl_FLT_0.36G_Rep1,-0.081190854,-1.4442723,-0.2596435,-0.58707374,-0.79887545,0.5203381,0.9684448,0.6620616,-0.41880506,0.13429403,0.81584394,0.59485793,0.84205765,0.57170504,-1.5452105,1.9663718
Atha_Ler-0_sl_FLT_0.36G_Rep2,1.8403299,0.4073621,0.08428571,2.2781494,-0.7639034,0.78944695,0.22320187,0.10079687,-0.11063571,0.91070616,2.294048,0.40316498,1.4714022,0.14426321,-0.70086867,-0.7101085
Atha_Ler-0_sl_FLT_0.36G_Rep3,-0.7040081,0.003430836,-1.1399107,-1.8989671,0.97823286,0.5129252,-0.48758253,-0.4817646,-0.063896075,0.8263605,0.1819403,-0.90982693,-1.2525003,-0.25755945,0.3039804,0.88376415
Atha_Ler-0_sl_FLT_0.57G_Rep1,-0.028781861,1.1764383,0.033085346,0.32735276,-0.35290378,-0.80587536,1.638448,-1.1184274,0.30733234,0.21452832,-0.26650876,-0.61615175,0.19495796,1.1246367,-0.34126148,0.98793757
Atha_Ler-0_sl_FLT_0.57G_Rep2,0.14520016,0.2841032,0.03569731,-2.239469,1.0694306,-0.4347569,-0.12869228,2.9871497,-1.0090396,0.72878665,-0.16811152,-2.8331635,-2.0074883,-0.44500992,0.51670706,1.5764223
Atha_Ler-0_sl_FLT_0.57G_Rep3,0.68370926,1.6152064,0.34009868,-0.7949698,0.07624781,0.16435191,-0.46722966,-0.7519124,0.17294441,-0.78225327,0.6565932,-0.5074817,-0.7019609,-0.5581634,-0.10161017,-1.0091923
Atha_Ler-0_sl_FLT_0.57G_Rep4,-2.0050638,-0.16782859,0.06307846,-0.0687007,-0.9922106,-0.6360997,1.4571333,-0.6327979,0.01353012,0.3166687,0.070198685,0.2423291,-0.45352072,0.4295726,0.2607654,0.6740956
Atha_Ler-0_sl_FLT_1G_Rep1,0.13194798,-0.115473844,0.035265163,1.3240885,-0.19915819,2.235115,-0.9896242,-0.33354658,0.5443406,-0.52198374,0.666917,-0.796107,-0.14497954,-0.08276759,0.3228962,-0.4140418
Atha_Ler-0_sl_FLT_1G_Rep2,0.8043102,0.09053527,-0.32998803,1.0601346,1.6938556,0.11735907,-0.08558877,-0.027430348,-0.11500445,0.14564633,-0.8752501,1.9038563,-2.349835,0.8243697,0.95900565,0.50612575
Atha_Ler-0_sl_FLT_1G_Rep3,0.4036811,-1.5978441,-0.34777826,0.87479204,-1.0959258,1.0134774,0.79885036,0.7102274,-2.017866,0.014004141,-0.50144297,0.40518734,-1.8668754,-0.898115,-0.65825844,0.56680036
05G4_WT_RED_Col0_03g_Rep1,-0.20259565,0.12108986,1.5853627,-0.33655125,0.49690217,0.02712707,-1.6468174,-0.7630277,-0.8119871,-1.4196136,-0.71546495,1.0676987,0.023166358,-0.5957448,-0.5648071,0.6880839
06H4_WT_RED_Col0_03g_Rep2,-1.7069142,-0.64660215,0.16613325,0.62753403,0.73019195,0.0062492564,1.1260035,1.482467,-0.50034714,-0.012187205,-1.9498847,1.7108587,0.50560546,-0.06941536,0.37316662,0.86192954
07A5_WT_RED_Col0_03g_Rep3,-0.38930315,1.0792964,-0.5707149,0.7969161,-1.1208818,-1.0799332,-0.19622286,0.56762475,0.15384978,0.09247264,0.8526765,0.44010475,-0.6992323,-0.8993319,0.1374304,0.6559083
13I4_WT_DARK_Col0_03g_Rep1,1.8416262,-0.9333644,-0.49651474,0.6355148,0.30873024,1.0309392,0.10660738,0.10790774,-0.041406542,-0.9958294,-0.49169466,-0.8090602,-0.059431843,-1.3707515,0.19027402,-1.1585623
14J4_WT_DARK_Col0_03g_Rep2,1.7718732,0.7047132,0.71055585,0.73087406,-0.3495462,1.9429578,0.29359496,-1.0733746,-1.1204298,1.7701296,-0.07810661,-0.13085541,0.47926924,-1.2760533,-0.38998136,-1.3045601
15A7_WT_DARK_Col0_03g_Rep3,1.5883986,0.59740144,0.27639613,-1.2705317,0.7794212,1.8087269,0.0077905655,-0.48500887,0.6122059,-0.5242911,0.6799385,1.2936947,0.4270805,-1.2945678,1.5526767,-0.22689432
21H5_WT_RED_Col0_1g_Rep1,-1.5065765,-1.0734992,0.69714695,-0.20249462,0.9266434,-0.37150002,1.3093309,0.6616758,-0.87242013,-0.2215268,-0.60368156,-0.04207839,0.27178723,-0.29742226,0.40804273,1.1651672
22A6_WT_RED_Col0_1g_Rep2,-1.2083422,-0.19690236,1.7280977,0.3235656,-0.30253035,-2.201598,1.4332845,-0.8689326,-0.46662283,-1.6115515,0.60307723,0.6317024,0.2272544,1.2579867,-1.1143165,-0.3516982
23B6_WT_RED_Col0_1g_Rep3,-1.549295,0.368789,0.08353968,-0.0044852793,0.027026534,-0.60782254,0.5140933,0.0035628676,-0.6080417,0.0028521195,0.8547051,-0.16576506,0.12243986,0.53327435,0.70040023,-0.65041995
30H7_WT_DARK_Col0_1g_Rep1,0.25079405,-0.011322346,-0.1696124,0.86882734,1.588972,-0.53129035,-0.25872272,-1.7356336,1.1049759,0.36478746,0.00019598007,-0.9321717,0.40776107,-0.24547327,-0.354982,-0.27659863
31A8_WT_DARK_Col0_1g_Rep2,1.032332,0.49625024,-0.38347685,0.7884457,2.1529841,0.48432127,-0.5434721,-1.4916397,-0.51780313,0.76593053,1.3604357,-0.50685954,-0.2529375,0.37019333,-1.1157362,1.0884916
32B8_WT_DARK_Col0_1g_Rep3,1.0448207,-1.4812068,-0.24243608,1.190274,0.44278857,1.0954924,1.4512424,-0.21254936,0.7359403,0.7228201,-1.108022,-0.37547055,-0.28871214,-0.047982484,-0.38640076,-0.3366669
JBA1_WT_DARK_Col0_0g_Rep1,0.9593147,1.1877865,1.9149013,1.6597117,0.107018724,0.04570213,-0.7226119,1.4902997,1.0158241,0.89306504,-0.61721873,-0.042318102,-0.15266058,-1.5846605,-0.2980372,-1.095381
JBA3_WT_RED_Col0_0g_Rep2,-0.78026015,-0.78327113,0.016716495,-1.1847389,-0.25285408,-0.8820817,-1.0128628,-0.91011673,-0.3247585,0.38223124,0.58561677,0.40210485,-1.0423121,1.3728025,2.2885242,0.38801074
JBB1_WT_DARK_Col0_0g_Rep2,0.6595789,-0.34864274,-0.8209484,-0.19456026,0.4854536,-0.25361124,-0.3346662,0.82185733,1.2733148,0.037343733,0.99171567,1.0418324,-0.5268912,1.400422,-1.3006681,0.18196946
JBB3_WT_RED_Col0_0g_Rep3,-1.7015839,-0.05777181,0.90942395,-0.93691367,0.13287579,-0.8221473,-1.0502553,-1.5058151,1.5119437,-1.7181145,-1.551574,-0.9676491,-0.75065756,0.0035692565,-0.07641986,-0.100019366
JBH2_WT_RED_Col0_0g_Rep1,-1.0421476,0.30492458,2.2184997,-0.08027193,-0.43175498,-1.0994725,0.65611494,0.18043126,1.3341358,-0.45770338,-2.4160995,-0.5994761,-0.16312407,0.7964182,1.2752151,0.4358678
Athaliana_PhyA_Sample_112_0G,-0.8692555,1.5462998,0.3455029,-0.040276363,-0.9697089,-1.773324,2.2712574,-0.2589128,0.42026973,-0.38023275,-1.6786277,-1.3155593,-0.16113165,0.1477474,1.3421062,0.13567394
Athaliana_PhyA_Sample_115_0G,1.1956959,-0.86627597,-1.2327017,1.4067748,0.24197623,-0.8477428,-1.6381162,-0.9707607,0.5309667,1.0925276,0.0704703,-1.0178049,-0.50337243,1.0939023,2.4802094,0.40629745
Athaliana_PhyA_Sample_117_0G,-0.95553076,0.370874,-1.2365651,-0.73237383,1.7830179,1.4023435,1.0841049,0.8139322,0.38186526,-0.5363451,-0.35018757,1.6126217,0.22998658,0.08280519,-2.2149496,0.8389219
Athaliana_PhyA_Sample_119_0G,-0.15325296,-0.34687516,-0.2094962,0.6244438,0.66748637,-0.026413038,0.5039212,-1.7235472,-0.122538134,-0.6030547,1.4034129,0.119165406,0.34838423,-0.99058807,-0.6316489,-0.18520409
Athaliana_PhyA_Sample_132_0-08G,-0.08860189,0.62351274,-1.1899514,-0.13792978,0.37451404,-1.5311794,0.30529422,0.38127932,-0.05188931,0.73673,-1.8560128,2.0664144,1.5296754,0.42621222,-0.9745084,1.441181
Athaliana_PhyA_Sample_134_0-11G,-0.07890597,-0.25164202,0.62151796,-1.5094682,0.29092324,-0.49475002,-0.7257031,1.4206325,-0.6484261,0.5076575,-1.2451329,0.20038383,1.6559852,0.3897978,0.87012595,1.6335638
Athaliana_PhyA_Sample_137_0-08G,0.7902197,-0.22915973,0.3716728,0.38371965,0.24682212,0.8108857,0.65953785,0.82421345,1.3854073,1.3791356,1.135941,-0.3421228,1.0347962,-0.16232167,0.20722696,0.29988492
Athaliana_PhyA_Sample_140_0-13G,0.6566578,-0.6880759,1.1772693,-1.1889817,-0.4004085,0.9778175,-2.038609,-0.8916489,0.8757584,-0.53202105,0.42070812,1.6621886,0.218369,-0.91985416,1.0686488,-0.7413459
Athaliana_PhyA_Sample_152_0-25G,0.89728624,-0.7281004,0.15297092,1.2573984,1.4753692,1.1279835,2.351388,0.39114827,-0.90942043,-0.20172207,-0.294757,1.2323312,1.0940424,-0.42609322,-0.16122809,-1.572182
Athaliana_PhyA_Sample_155_0-39G,-1.5203301,0.38980985,0.69940335,-0.5612522,0.525331,0.14130782,-1.5314903,0.25841805,-0.7905934,-0.9429543,-1.9356588,0.48429385,-2.0684514,0.61721456,1.1690955,-0.12404242
Athaliana_PhyA_Sample_157_0-25G,-2.3010335,0.4724217,0.19035134,1.7102038,-0.10640931,1.1225276,0.2804271,1.1312429,0.6443609,-1.026021,-1.9661906,0.15513943,-0.2829979,-0.15184875,0.84645253,1.1237814
Athaliana_PhyA_Sample_159_0-34G,0.9317989,-0.36194792,0.18749045,-0.38620245,-0.2491442,0.3644396,1.1293905,-1.0939189,-0.79515594,1.0709839,1.2546297,0.9527654,0.2435106,-0.69709325,-0.7685649,-1.7311031
Athaliana_PhyA_Sample_172_0-64G,1.2908944,-0.316874,-0.21110503,-2.8797085,0.35256714,0.22582437,-0.40634608,-0.43810084,0.5617157,0.3640972,0.27329642,0.0124910325,0.28631392,-1.5528797,0.44985598,-0.84269106
Athaliana_PhyA_Sample_174_0-88G,0.1273529,-0.5362473,0.0007543862,0.084713146,0.9727514,-1.4205538,1.3801334,0.39686456,0.4966625,-0.5809058,-0.69766545,0.67684454,0.69923633,0.65413666,-1.760006,0.5850277
Athaliana_PhyA_Sample_177_0-64G,0.7242259,2.1069489,-0.28173196,0.1924623,1.1562024,-1.4439983,-0.17370836,-0.32689178,1.3436351,0.6595436,0.37429696,-0.1199117,0.2715428,-0.7655072,-1.5755415,0.22361377
Athaliana_PhyA_Sample_180_1G,1.8374354,0.051686622,-1.3203173,0.9683353,1.3004725,-0.58740735,-2.1723661,1.2168094,1.2672962,-0.046450086,0.98766863,-0.41367263,-0.044077594,-0.8038285,0.40366092,-0.4630541
Athaliana_PhyA_Sample_212_0-42G,0.8910434,1.0437164,0.49771845,-0.5098294,-0.2469109,-0.8688692,-1.1479218,-1.6055546,-0.6612449,-0.5485027,-0.6175043,0.44268495,-0.3256347,0.27417037,-1.0826604,-0.03835839
Athaliana_PhyA_Sample_215_0-65G,-0.64020264,-0.005666923,-0.63904953,0.007356167,-0.23186742,-0.5874473,-0.85074246,1.1344855,-0.7043819,1.1897109,0.17984723,2.1875901,-1.255074,1.2115183,1.4556621,0.47017246
Athaliana_PhyA_Sample_217_0-42G,0.30003574,0.60421515,-0.47604376,-0.54135716,0.18789765,0.94055295,-0.50347775,-0.38276866,1.3910044,-1.0791745,1.3305252,-0.88777745,-0.6132783,0.496241,0.46508735,-0.44040337
Athaliana_PhyA_Sample_219_0-58G,-0.92057455,1.0559403,0.048661463,0.9819046,0.615714,-2.2641785,-0.88259923,0.46381095,-0.07161377,-0.52680343,-0.28885895,-2.170625,0.2669189,-0.9522433,-1.8950025,0.4133982
Athaliana_PhyA_Sample_232_0-68G,-1.4376556,-0.5485076,-0.16032805,0.27910694,-0.23687159,0.4285988,-0.62467325,-0.8829205,-0.47442287,-1.0279857,0.6318122,-0.024243675,-0.35876828,-0.41988277,0.37087142,-0.30298647
Athaliana_PhyA_Sample_234_0-92G,-0.89271325,-0.8091605,0.90175486,-0.9871112,0.3922952,-0.37248647,0.9017634,-1.1832151,0.21205479,-0.3708967,-0.60083187,1.5687464,1.3021312,-0.58197105,0.34363663,-0.6396336
Athaliana_PhyA_Sample_237_0-68G,-0.4752374,1.6087362,0.14439726,-0.76755583,0.27006173,0.8819289,-0.52055675,-1.0561485,-1.5280929,0.5671284,-0.33821464,0.40953043,0.14532372,-0.79566556,-0.6823052,-0.6593431
Athaliana_PhyA_Sample_240_1-05G,-1.349356,-0.5072925,-0.5375595,-0.9429441,-0.6644448,-2.066843,-1.0871857,0.888926,1.6246896,1.6026936,0.7326065,3.5168417,-1.5627043,0.2730699,1.7336153,-0.763895
Athaliana_PhyB_Sample_113_0G,-0.75097966,-0.8690486,0.9764373,-0.40068606,0.028771102,1.0337173,0.23417962,-1.1820939,-0.4304891,0.6098547,-1.8430548,0.6094501,-1.0654252,-1.6516297,0.05976665,-0.2507122
Athaliana_PhyB_Sample_118_0G,-1.785486,-0.6932527,-0.1132495,1.3676369,0.2227714,0.2921564,-0.59243625,0.071544826,0.23983476,-0.16225535,-0.25353652,-0.9473623,0.38098702,-1.6230385,1.1512587,-1.6182559
Athaliana_PhyB_Sample_133_0-1G,0.5379786,-0.5904169,1.1383041,0.10040085,0.11244157,0.9305577,0.64247876,0.24070302,-0.4739462,-0.16985157,0.2101025,-0.6165174,0.86012346,-1.2019858,-0.60448253,0.16527905
Athaliana_PhyB_Sample_138_0-1G,-0.42322853,0.2752352,-0.67199737,0.6876087,0.7912529,0.25645822,1.4679487,-0.82145005,-1.0333651,0.3228488,-1.1679935,-1.3325927,0.7223779,-0.30981547,-1.9766226,1.9146845
Athaliana_PhyB_Sample_153_0-3G,0.58633614,-0.17929064,0.3124626,0.10292762,1.3870591,-0.7341728,0.0016374066,-0.79150385,1.0058744,-0.059381425,-0.6263424,-1.161372,0.45967403,0.10741803,-0.80518144,-0.5200175
Athaliana_PhyB_Sample_158_0-3G,-1.2170572,0.14295873,0.3086514,-0.6519851,0.4894169,0.91909677,2.1622624,1.5654465,-0.06256552,0.624136,-0.38617373,-0.7270698,-0.8626846,1.0610951,0.24739063,0.48592526
Athaliana_PhyB_Sample_173_0-76G,-1.1318088,0.23859137,-0.15858814,-0.7738339,0.27288902,1.7920121,-0.14447781,1.1877534,0.33158335,-0.14287001,2.799284,-0.19865458,-1.9168447,-0.2248435,0.35690644,0.44339055
Athaliana_PhyB_Sample_178_0-76G,-0.87556714,-0.8810652,-1.0013521,0.25335374,0.3806044,0.55567664,-0.2849456,0.020932794,-0.26313806,-0.016663581,0.09847177,0.21069449,0.16229329,0.43983936,0.22698706,-1.7063035
Athaliana_PhyB_Sample_213_0-5G,0.4293493,0.07455504,-0.44223145,-1.7989912,0.21374989,-1.3918557,-1.0898988,1.6844412,-0.4856852,-0.5074564,-0.02492392,-1.7672734,-1.7942873,0.37388,-0.21598548,0.57817024
Athaliana_PhyB_Sample_218_0-5G,-1.0469855,-0.6356396,-0.38891608,-0.90182054,1.1915478,1.067513,1.8497243,-0.503835,-0.95456237,1.8183103,-1.1359563,0.83255225,0.7522157,-0.875619,-2.156109,0.2586967
Athaliana_PhyB_Sample_233_0-8G,-0.29166174,0.17615747,-0.53066957,0.79557675,0.35197604,1.6914798,1.4313415,-1.029188,0.44883662,1.1609914,-2.0232008,0.82944196,0.8038628,-0.031566307,0.42919677,0.3883949
Athaliana_PhyB_Sample_238_0-8G,-0.6385556,0.60753834,-0.8676363,-0.60734296,0.530741,0.6420157,1.6122417,-0.87200016,0.8189282,-1.6677866,-0.93458337,-0.7532245,-1.7430346,0.65440696,-1.2880965,-0.9602796
GSM3072467,0.73977846,0.5001149,-0.16087294,-0.52933985,-0.5038954,-1.8884261,0.024398506,-0.6386043,-0.85291183,0.88338333,-1.4624935,-0.77524537,-1.185082,1.0769905,0.8784197,-0.8170908
GSM3072468,1.6166989,1.9683435,0.7322618,-0.5235329,-0.3823503,-0.38242996,0.8020851,0.053121984,-1.917919,0.4458085,-1.2689812,-1.2493142,-1.0415971,-1.0389977,0.28187287,0.6111847
GSM3072469,1.4597007,-0.5460728,-0.041505873,2.4043536,0.15539826,-0.5326115,-1.0590358,-0.09987196,-1.2316221,-0.10446316,-0.55993336,-0.9163453,-0.33702448,1.6548259,-0.42067182,-1.9740388
GSM3072470,1.3155038,0.33562982,1.0572951,0.4542067,-0.6248051,-1.6944242,0.6713169,-1.0956049,0.49531063,0.40057755,-0.60888284,-1.3425422,-0.18197131,1.6172159,-0.52241373,-0.81508195
GSM3072471,0.79816294,-0.5810459,0.2124509,0.016555907,0.61299,1.4550291,0.44278413,0.03396451,-1.0543705,-0.01774554,0.7359685,-0.37866893,-1.5317003,0.5102701,-0.39122444,0.59255636
GSM3072472,1.1890638,1.8515708,0.25820637,0.43803802,-1.2560107,-0.52967453,-0.04700473,0.6965529,0.00415805,1.7289076,0.1872572,-1.1854401,0.6275482,-1.6165648,0.0538107,0.02711989
GSM3072473,-0.2455749,0.041463733,-0.89532125,-0.78834367,-0.3467781,1.3813263,-1.3439174,0.87476933,0.13812748,-0.40493694,0.4192401,0.8996817,0.15275247,-0.09439415,0.92173946,1.410513
GSM3072474,-0.07973858,-0.7501493,-0.83137995,1.5091345,-1.1115832,1.3623115,-0.32483038,-2.2362144,-1.3620325,-0.54230446,1.0903617,-1.1226512,0.7158557,-0.53103304,-1.5963792,2.0870814
GSM3072475,1.1932172,-0.7367487,0.9325409,1.1390848,-0.20263125,-0.35076684,2.205115,-0.4240621,-2.2037754,0.8057153,-0.5274756,1.2000316,-0.5809616,-0.80769974,-0.08270642,-0.7012588
GSM3072476,1.2493284,0.5645674,-1.5546706,0.3688,0.1937702,-0.9716363,1.4610744,0.4423096,0.24381158,1.407727,0.09730974,-2.1330268,0.39761123,1.0491723,-0.51720697,0.013731629
GSM3072477,-0.25863284,1.3182064,-0.9061744,-1.9144754,-0.14308976,-0.43907732,0.73650295,-0.60058177,-0.4881634,1.7053196,-0.08256149,2.0569854,0.35526994,0.34028473,-0.518375,-2.9267554
GSM3072478,-0.31898043,-2.629621,-0.9389345,0.5253973,0.70960796,0.0130572915,2.4447567,-0.19784148,1.406119,1.4370627,1.4878132,0.138996,-0.8642262,-1.7925601,-0.15914354,2.0493836
GSM3072479,0.35964844,-1.6009327,-0.6952368,0.7597482,0.60470057,0.09428118,-2.5509152,-0.79078627,0.16584522,-0.34363592,-1.1343501,-1.5960741,-0.1839481,-0.36410654,-0.5804564,1.304019
GSM3072480,0.48154694,-0.43799537,-0.29202873,0.26969314,-0.5395845,-2.4870415,0.13438942,-0.3939913,-0.8541662,0.740244,0.9336419,1.1913474,0.46613953,-0.6107297,-0.7869489,-1.087567
GSM3072481,0.95787853,-1.1382965,-1.6682434,-0.8718542,-1.3198048,-1.314384,-0.29498202,0.5314268,0.30348945,-0.042960167,0.14899065,0.7371536,-0.005562179,-0.41567746,0.05727142,-0.3855499
GSM3072482,-1.0202451,-0.5897018,-0.6717611,-0.24274956,-1.3503329,0.50197685,-0.5914649,-0.25065094,1.4164722,0.0862678,-1.2601452,0.53242695,-0.26223218,-0.17436528,0.70980126,1.0601683
GSM3072483,1.1841972,0.70820045,2.9739113,-0.25344598,-0.08660805,-1.2405624,-0.01395309,-0.6435548,-2.0575876,1.6828607,0.11718568,1.5574218,-1.454401,0.7728757,1.4837701,-0.30537653
GSM3072484,1.1206625,-0.23950256,-0.074841276,-0.74818814,-0.55238473,2.3194911,-0.023979753,-0.6233301,-0.19871537,2.2188258,-0.025793418,0.5498267,-1.1212577,-1.735631,-1.4068667,0.12649208
GSM3072485,0.1734021,-1.0815848,0.8175651,1.2204919,-0.24586041,-0.41486782,0.7455358,-0.33891463,-1.3741199,0.9820454,-0.6712354,0.20509283,-1.2245003,2.276427,0.08130352,-1.0895405
GSM3072486,0.89208865,-1.0681053,-1.4501147,-1.5140787,-0.45461762,-0.6606537,-0.52621615,0.17586923,-0.41508114,-0.9874815,0.22887716,-0.9617653,-0.10040222,1.3659047,-1.7786396,-0.28102386
GSM3072487,0.7176624,-0.007243268,0.9466176,0.0488742,0.11288832,-0.6923933,1.6686096,-0.6560084,0.050109386,1.7924467,0.76946867,1.5623205,-1.14597,2.10854,0.004572019,0.5252397
GSM3072488,0.13150483,-1.2829903,-1.3360491,0.33567733,-0.846133,0.45242015,-0.27712464,1.6811637,-1.0261848,2.3655949,1.3672845,-0.64074683,-0.34649974,-0.43716294,-1.7759318,-0.9101264
GSM3072489,0.7181323,-0.66063464,0.6949901,3.3622212,0.0639027,-0.57647425,2.825762,0.08944036,-0.2358447,1.5492492,-0.9125568,1.6920109,-0.09356105,2.0791736,-1.5406392,-1.6421504
GSM3072490,0.18008465,0.6397431,0.9826554,0.7901411,-0.24362564,-1.5375654,-0.8061782,-1.4723779,-2.329718,-1.0527996,-0.6403562,-1.0032718,-1.060229,-0.6940783,-1.2832899,0.9116074
GSM3082835,0.46403235,-0.792335,-1.101196,-0.67959905,-0.40113196,0.8527892,-2.9355092,-0.2984516,0.25281197,-0.63574815,0.875324,0.33172297,-1.1193678,-1.9385653,-2.1059575,0.42686027
GSM3082836,0.50894207,-0.2541533,-2.1866627,0.68452626,-0.16567378,1.1583837,-1.1803955,-0.090472095,0.24161969,-0.5076276,-0.41195458,-0.9960065,0.747545,0.53522396,0.40556252,1.011162
GSM3082837,0.16608691,0.020758584,1.3069949,-0.87040955,-1.1871462,-1.4412792,-0.57933116,0.28830343,-0.06311312,-0.42952687,1.1985066,-0.6748445,-1.5394505,1.0295653,0.534667,-0.5774871
GSM3082838,-0.772518,0.29027426,1.6883559,0.43708175,-1.1686933,0.61322886,0.05391568,-0.09952265,-1.9580395,-0.9149961,-0.6197677,0.6042719,0.010393441,1.9999291,1.2471232,0.13936955
GSM3082839,0.4821382,0.30411658,0.030861497,-1.2952048,-0.4024943,1.6052663,0.94190145,2.1477764,-1.3395488,-0.5370332,-2.189349,0.75514174,-1.0491201,0.86362743,0.82900524,-0.8779402
GSM3082840,0.41697967,0.13609342,0.50216717,0.39309245,-0.9969331,-1.2680975,0.43804166,0.5703515,-1.2020442,-0.2976043,0.4439829,-0.09107438,0.21739787,1.3622264,2.3774393,-0.90238464
GSM3082841,1.5783815,-1.4252653,-0.009025753,-0.24987763,-1.1961045,-1.3113458,1.5739977,0.41819897,-0.3758109,0.8084747,-0.24662992,0.8467287,0.2278707,0.21369863,0.16646571,-0.5642923
GSM3082842,1.7753645,-0.2839598,0.32976454,-0.62865967,0.12884495,0.25907895,-0.69442636,0.10772779,0.38042492,0.7917619,-0.26104838,0.65484685,0.8005603,0.42252842,-0.17169295,-0.9528617
GSM3082843,1.8355249,-0.21034642,2.1231885,0.73121184,-1.4668512,0.74833655,-0.17381068,1.0122088,1.0138866,0.17020507,-0.46442243,-0.28895548,0.08167967,-0.4409898,0.19699359,0.05771157
GSM3082844,2.0049722,-1.9226311,0.14868659,-1.7798555,-1.9831727,-1.4790237,-0.24467196,-0.5441811,0.21752541,-1.2459068,0.6629838,0.46000904,-0.087866485,1.3615022,0.13420719,0.6082417
GSM3082845,1.1540298,0.73184216,0.9991517,0.49156794,-1.3338151,-0.8211342,-1.2365593,-0.8854503,-0.11265538,1.1200192,1.3896292,-0.7374483,1.7160037,0.24932581,-1.2646241,1.0266397
GSM3082846,0.9071049,-1.2134458,0.10385747,-0.87575734,-1.979924,-0.8911638,-1.1928006,2.1814804,-0.8786359,0.8903009,1.0293211,-0.48687494,0.67047143,-0.072499216,-0.12328708,0.563529
GSM3082847,-1.1941416,0.008423388,-0.6705507,-1.5110698,-1.3113036,0.624465,0.6128274,-0.9371985,-0.47351006,-0.84814787,-0.60553163,-0.5583759,-0.30163604,-0.606778,0.83281535,0.66820896
GSM3082848,0.6279435,0.4775891,-0.4505586,-0.9137107,-1.762507,0.38160712,-0.4331103,2.2950847,0.90056825,-1.7743661,-0.63395786,0.3718319,1.0149246,0.0703722,0.5365286,0.05710583
GSM3082849,-0.09609169,-1.3639306,-1.0342171,-0.8418459,-2.348989,-0.39059854,0.019955635,-0.0325756,-0.59181225,-0.37350965,0.66150796,0.6539967,2.7674007,0.042442292,1.6178709,-0.28163362
GSM3082850,0.0642786,-1.4768847,-1.0035396,1.1224731,-0.29085624,-0.31396127,0.99776393,-0.34274226,-0.5096336,-1.3650534,-0.15515551,1.4183794,2.1467912,0.29590985,2.088634,0.29652154
GSM3082851,-0.9591552,0.050017744,0.5348541,-0.9422058,-0.5896593,-1.900296,-0.41615406,-0.5075271,-0.04164377,-0.9447624,-0.3773445,-0.8516371,2.157709,2.0511322,0.9078792,-0.21509498
GSM3082852,-1.4392526,0.16624653,-0.85913604,-1.2348149,-1.1255577,0.2022847,-1.6179197,0.3365128,0.0062672943,-1.3770664,0.6517151,-0.5143441,1.3638141,-0.33949715,0.5763417,0.014431462
GSM3082853,0.26258242,-1.048086,-0.7428771,-0.98015153,-0.6596707,1.4237313,-1.02095,0.35450196,0.74287426,0.2365849,0.24237068,-1.1666096,-0.83331347,-0.37987804,0.036943734,1.8745778
GSM3082854,1.4399397,0.22990066,-1.6771564,-1.6863576,0.62883735,-0.22922271,-0.0035481565,-0.34522402,-0.5856477,0.9524306,-0.10767411,-1.1640508,1.1686705,-0.13231896,0.25099367,1.4125178
GSM3082855,-1.0265646,0.5983805,1.3123468,-0.0032407492,-1.6196601,-1.3118143,0.7333356,0.42900428,2.6089075,-0.757349,0.17431232,0.061215848,-0.9185773,2.307937,1.6310124,1.0480989
GSM3082856,-0.9286469,0.79126686,-0.2967521,0.72946686,-2.550335,-1.713697,-0.10105133,1.4786817,0.57354426,0.6096064,0.72752625,0.40699133,-1.1336379,1.7581758,1.4257882,0.21977328
GSM3082857,-1.8532903,-0.25194448,1.5485792,1.0633984,-1.2842175,-1.1945078,1.1534715,0.48245424,-0.35595414,0.39642403,0.4350332,1.3173579,-1.2194381,1.9315889,0.19794881,0.762761
GSM3082858,-0.23144841,0.045774464,1.398453,-0.25473934,-0.8897675,-0.6885454,0.23361295,0.5371425,0.06701809,-0.6338366,0.9046477,-0.7893635,1.1617546,2.7516847,0.36349177,0.260386
GSM3082859,0.68049526,1.237677,0.9934802,0.2638824,0.3088243,1.8196614,-0.36987486,0.3109897,0.013089087,0.17527056,1.148335,0.29169565,-0.1909456,0.3986463,0.05027683,-0.40850723
GSM3082860,1.1978816,-0.23632753,-0.6858858,1.151509,-0.10572681,0.58234936,0.8110224,-0.62832093,1.150344,-0.2701285,0.6913986,0.5205241,0.59565324,0.48304233,-1.10899,-1.2126434
GSM3082861,1.0049862,-1.3131382,-0.25527087,0.09009604,-1.256784,1.5896173,0.3970291,-1.2888615,0.22439717,1.1972127,1.2628459,1.8798026,0.46464175,1.5419724,0.014181368,-0.8270513
GSM3082862,1.5977216,0.6765908,-0.40445325,-1.1209817,0.15015778,0.030545555,0.6550898,-0.69278973,-0.6933879,0.5400134,0.64617676,-0.42110354,0.3801281,0.43860638,0.22510457,0.30849013
GSM3082863,0.55187047,1.160284,-1.3133997,-1.0380371,-0.1166383,-0.13752145,-0.7608189,1.230099,1.1663122,-0.911005,0.27614966,-0.4573009,0.8688587,-2.0128872,0.07967484,-0.16262197
GSM3082864,-0.008928448,-0.82091737,-1.6825783,-0.9710423,-1.5605047,-0.47183436,1.21617,0.117034264,0.732067,0.3537083,0.29752642,-0.20808735,1.4304268,-1.2797766,-0.9630357,-1.05232
GSM3082865,-0.99529165,0.730901,0.4881213,-0.79223466,-1.5604873,0.06199491,-0.9281101,0.19665596,-1.3755683,-0.604356,-0.8867409,2.008705,1.5657555,1.4424403,-1.8360344,1.0021533
GSM3082866,-1.1044831,0.60878855,0.83790714,1.1964405,-1.9155173,-0.65773475,1.3706906,0.109675705,-0.40787077,-0.113123655,-0.11436073,0.40936628,2.594105,1.2587545,0.77352846,0.33774602
GSM3082867,-1.2799624,-0.056150496,-0.46078926,-0.09545852,-0.5086695,-1.3592939,-1.1645651,0.1673695,-0.678151,-1.0626011,-0.6621806,-0.096563205,2.3382802,1.1133238,-0.42849195,0.7762261
GSM3082868,-1.4727659,-1.2884432,1.4310292,-0.8611647,-1.9392335,0.7464263,-0.0039140135,-0.86505765,-0.08188376,-0.2142182,-0.30297077,-0.203289,1.3855739,0.96282035,-0.74328077,1.597995
GSM3082869,-1.1274993,-1.1714427,-0.16428134,-0.5604275,-1.4811069,-0.083590925,0.23624009,-0.8254319,-0.6847217,-0.3093149,-0.29321238,1.8688835,1.5193752,2.134472,0.6438609,0.89916694
GSM3082870,-0.74202234,-1.3398216,0.18600403,-0.813289,-2.3732033,-2.2647836,0.9682254,-1.2717794,0.727578,0.49052328,0.39865398,-0.086566806,1.449456,0.11888027,0.5497048,1.2437879
GSM3072302,-0.06372711,-0.23897545,-0.467395,0.19392532,-0.50403965,0.9419502,-0.7810148,-0.4262084,-0.0844938,-0.8858465,-0.85735,-0.68325526,-2.1593952,0.67148423,0.91155404,0.18110417
GSM3072303,1.3640695,0.06445829,0.58820134,0.14439586,-0.5224214,-0.86179936,0.15035966,1.002223,-0.93915135,-0.52407426,-0.13274843,-0.96077234,-2.0403514,2.095839,-0.6222683,0.12788078
GSM3072304,1.8970671,-1.6765077,1.01614,-1.3225805,1.0985554,-0.0735201,1.4849374,1.2222245,-0.32601836,0.2596787,1.2422029,-0.38621765,-1.4710819,-0.10305187,0.69123423,-1.2577655
GSM3072305,0.8218315,0.510355,0.31761906,1.7474592,-0.54857326,-1.1348152,-0.013419479,0.50383747,-0.83052,1.6451281,-1.2229841,0.25584716,-0.5868865,-0.8379934,0.8629382,1.0005951
GSM3072306,1.3836672,-0.541015,0.7676105,0.80385125,0.3966347,1.4384689,-0.21291015,1.4310917,1.3932651,1.6585089,1.2762196,-2.4571376,0.24074548,0.23434737,0.32695296,0.040411986
GSM3072307,1.5760543,0.70688826,0.8435701,2.3478253,0.5701022,-0.42059338,-1.7354785,-0.96430707,-0.5247803,0.08396745,0.32086885,-0.063720755,-1.0441291,0.46765655,-0.057711557,-1.6758282
GSM3072308,1.1841016,0.6610837,0.34496486,0.34394002,-0.7876558,-0.4649151,-1.0755123,0.47857326,1.933104,-0.13596068,0.71005774,0.20379232,-0.5052564,-0.15034014,-0.4001148,0.74891907
GSM3072309,2.1638262,-0.074325666,-1.1733139,-0.1949521,-0.76380175,0.05050785,-2.885325,-1.1888939,0.43865836,0.5660988,1.43749,-0.12485981,-0.08915821,-0.26882264,-0.6296749,-2.2425137
GSM3072310,-1.6764672,-0.24773577,-0.17524695,-0.7815636,-1.2648051,1.8624389,-0.7485559,-1.2119335,-0.65292656,-1.0469463,-0.639366,-0.7343534,-1.0771282,-1.933101,-0.8016189,-0.8347926
GSM3072311,0.5199169,-1.4337218,-0.3860874,0.0653981,-0.91598284,-0.07790525,0.52618885,-0.26045653,0.50425416,0.086741745,-0.9249326,1.9701153,-1.2719339,-0.56822497,-3.4617198,0.5966821
GSM3072312,-0.4611907,2.7254295,-1.0161698,-0.77019966,-0.89602435,0.39908323,-0.38106328,-1.5513599,-0.11055823,-0.16130826,-0.9549738,-1.4924705,-1.0409371,-1.7086525,-0.7869189,2.857531
GSM3072313,0.58782697,-0.016423017,0.13815981,0.85036516,0.0045615435,-0.30219465,-1.2334512,-1.0423013,-0.10840401,-0.572924,1.5549647,-0.2277521,0.99684906,-1.0247536,-1.1535128,0.13745897
GSM3072314,1.4281163,-1.2284755,-1.3126926,0.5807083,-0.20938122,-1.2027516,0.39518458,-0.31118867,0.76038355,-0.30805835,0.8182751,-0.33497268,1.2436726,0.2357274,-2.0302484,-0.17263114
GSM3072315,0.64460874,0.60430694,0.35979974,0.4816085,1.1183707,-1.4042878,0.008361526,1.5314724,-0.6648035,0.33045542,0.6208981,0.52682173,-0.13019297,-0.6606401,-0.6564793,0.8637264
GSM3072316,0.57446176,0.76206374,-1.3469524,0.10239582,-0.028891757,-0.30623826,-0.020196378,-1.0547692,-0.487294,-1.9578396,-1.4143442,0.14415126,-0.3080456,-0.04620415,0.12304342,0.69592047
GSM3072317,-0.19804452,0.2706106,-1.1779653,1.2880111,0.6353883,1.0090201,-2.1330686,-0.5407392,-0.8906865,-0.46419352,-1.3303547,1.7512414,-0.2469418,-1.4472656,-1.6128641,0.84804875
GSM3072318,0.3485797,-0.13972381,-0.19311851,-1.2249178,-0.6981088,-0.99619406,-0.03295192,-1.0562787,-0.26198316,-0.47435233,-1.5231826,-1.0089984,-1.2544816,0.20954299,0.23397923,-0.6086564
GSM3072319,-0.4736493,-1.8463733,-1.7019877,0.30762398,-1.5882676,-0.3724524,0.34542045,1.0923879,0.539899,-0.7808551,-0.86991864,0.36321825,0.47816932,-0.47140342,0.87309605,0.14199534
GSM3072320,-0.3239743,-0.15754205,-1.7937294,-0.8115726,0.5606718,-1.3275903,0.5648368,1.451449,2.497174,0.4499709,1.221532,-1.2035857,1.0125657,0.17244303,-1.1130815,0.5235721
GSM3072321,-0.3897248,-1.3287537,-0.29724658,-1.8511925,-0.5618355,0.37084693,2.848499,0.25256884,0.30315322,-0.37771285,0.015400406,-0.14280242,1.0786215,-0.8108659,0.6534526,1.8922886
GSM3072322,0.27008426,-0.3955755,-1.1414434,-1.1570793,0.29294407,0.11068429,-1.0035193,0.15605764,1.3804992,1.4154773,1.0146743,-1.0944959,2.3800921,0.7378235,0.23914476,-0.39664614
GSM3072323,-0.3390801,-0.25960535,-0.5487493,-0.096272185,-1.1745251,0.021142356,-0.6221396,0.7066616,0.6866508,-0.042646065,-1.3615671,1.0092127,0.7996017,-1.224973,-0.9655892,-0.5592034
GSM3072324,0.18596774,-0.27898204,-1.0576382,-0.58971465,-1.119309,0.4752005,-1.3529971,-0.5119345,1.3809758,1.2484457,-0.2090161,-0.78234047,0.20677076,-0.91849625,-0.4991174,0.49758917
GSM3072325,-0.4139233,1.057016,-0.32479617,-0.5310837,-1.2892964,-0.350271,-0.17304032,-1.1150905,-0.38735014,-0.039102912,-0.86432576,1.0664743,-0.57658434,-0.517486,-0.56644416,1.5473511
GSM3072326,1.3096623,0.94873774,-0.064454705,1.155833,-0.13371405,-0.40254688,-1.9728712,-1.4277968,-0.7366861,-0.66013134,-0.17113839,0.569882,-1.853307,-0.78784406,0.39000165,-0.4507983
GSM3072327,1.8902893,0.8719347,-0.98602736,0.05338034,0.6396439,-0.42371333,-0.58332807,-1.0917827,1.7816875,0.6594373,0.15328339,0.54469323,-0.7020223,1.0115048,-0.82973415,-0.98854995
GSM3072328,1.2683175,0.9557553,-1.5491295,-0.6946868,-0.58484614,-0.48946232,-0.05365044,-0.7783782,-0.18302272,-0.83162236,0.4548253,0.16851199,1.5075781,-0.7684637,-0.5339292,0.47499788
GSM3072329,2.7589617,1.3473896,1.7944221,-0.70257175,-1.7168894,-0.23062769,1.746217,0.34770077,-0.036236405,-0.9419388,0.09632088,1.2496973,-0.10329829,0.3353097,-1.2644594,-1.7387782
GSM3072330,0.73301125,-0.062186576,-0.0027775913,-0.251154,-0.40711206,1.2233765,0.16336194,1.0732532,0.8203341,-0.44384935,0.37094235,1.8130887,1.4234558,0.15241753,-0.5276754,-0.76451635
GSM3072331,0.4675319,0.48186108,-0.6683094,-1.491562,-2.0122712,0.8481331,-0.42074192,0.43814975,2.0348992,-0.6237482,-1.2379885,-0.1904171,-0.11115892,-0.77140427,0.03402576,0.85027754
GSM3072332,0.21040875,-0.9659075,-0.39258802,-0.36870062,-0.38721198,0.5072671,-0.34189048,-0.38405746,-0.031832688,0.9464155,0.3092159,1.833365,0.89255106,-0.9592775,-0.24803124,0.9359735
GSM3072333,-0.35577795,0.61303854,0.09633845,-1.7391801,-1.9123824,-0.55956316,-0.35468346,0.40795448,0.15674712,-0.4274575,-1.5753893,0.7092365,-0.79452884,-0.5077515,0.7833501,-0.21871716
GSM3072334,-0.80150175,0.06480205,0.93590915,1.6069463,-0.25553095,0.83617115,-1.9112236,0.3254877,0.34855807,0.030887276,0.021824807,0.42354268,-0.42067617,-1.1453664,-0.41054693,0.67332435
GSM3072335,0.34853545,0.54110134,-1.6568539,-1.6326749,-0.010426164,0.013481942,-1.6754189,-0.9749816,0.24810216,-1.0377748,-0.16934912,1.6672782,-0.6619799,0.77423996,-1.2175801,1.5125008
GSM3072336,1.0050457,2.0149088,-1.124455,1.9226553,-0.7524236,-0.56509113,-0.37309673,0.050758943,-1.2337772,1.1702628,2.9021504,-1.7955745,1.1090862,-0.048205584,-0.39720708,3.2506814
GSM3072337,2.2457504,-1.2629966,-0.9601749,0.46263918,-1.818795,-0.35619947,-0.23956677,-0.27025726,-0.096106425,-0.019291773,0.79438114,1.1386744,1.5215569,-1.2676816,-1.3444722,-0.2958698
GSM3072338,0.33623457,-1.3942404,-1.8888006,-0.074181184,0.63878787,-0.48340967,-0.35453692,1.0761065,-0.9182397,1.5185553,-0.45465392,-0.025307387,1.2240819,-1.0542545,0.6947584,0.23422354
GSM3072339,1.6270893,0.8443167,-1.1377664,1.7667515,0.46192834,-0.13795796,-0.1462056,-2.8222144,-0.55302644,-0.3087999,-0.035425797,-1.4696972,1.0435858,-0.24540274,-1.1411936,0.11244054
GSM3072340,0.30211335,-3.8229644,-2.2386732,1.498862,-0.09604889,-1.7520863,-0.7624527,-1.506648,-0.42607576,0.074054234,0.745574,0.42546365,0.61713207,-0.52220684,-0.15766346,-0.86751366
GSM3072341,0.6611764,0.06960571,-1.0062001,-2.8673043,-0.9878237,-2.4181495,-0.7279794,-0.73725,0.57480675,-0.20870186,-1.1034039,-0.5104528,0.5106628,-1.7586119,-0.25490427,1.2644682
GSM3072342,-1.2237558,-0.283578,-0.7068369,-0.5337508,-0.76020837,-0.2327797,-1.2996354,-0.6137571,0.7370355,0.43603486,1.3331547,0.48199165,-1.485003,-1.7410474,1.584788,1.3506747
GSM3072343,-0.68549216,-0.32493323,-1.5209088,1.6040356,-0.8169193,-0.41911727,0.10705422,-0.8693746,0.5143145,-2.2702978,0.12811331,0.3350012,-0.8037015,-1.816126,0.55727684,-1.3048819
GSM3072344,-0.5389663,-0.17506626,-0.49446553,-1.9131048,-0.61277354,1.0046422,0.11887607,-1.8549044,-1.6640401,-1.6623259,-0.11593066,0.14630821,-0.5893475,-1.6938,-0.7536174,-1.12522
GSM3072345,-0.9929582,-0.86430705,-0.8399981,-0.20668311,0.6679942,-1.0811534,0.8194011,-0.62761647,1.1617352,-0.8482975,1.3427621,-0.6831813,-1.2153689,-0.9754609,-0.040078208,0.4623816
GSM3072346,-1.2332287,-1.6553464,0.41231763,0.049777657,-1.2624725,-0.49758145,-0.52109927,-0.03463608,-1.18973,-0.5326624,0.124250844,-0.09625298,-1.093938,-0.6902325,-1.0058609,0.4799525
GSM3072347,0.14149809,0.5069647,-2.4659617,-1.2173238,-0.6318779,-0.35489237,-0.8958719,0.6518255,-0.15821888,-0.24467503,-0.55011237,0.85893196,-0.52787495,-1.42292,0.8364143,0.35445455
GSM3072348,-0.9492409,0.6341059,-0.818877,-0.8835533,-0.5057218,0.35735878,-0.95076156,-0.1268067,1.9831486,-1.7907088,0.86748433,-1.0593294,-1.3961852,-1.7799779,-0.75254387,-0.9798996
GSM3072349,-0.25308204,-0.4428879,-0.42553487,-0.38261104,-1.4430301,-0.73121756,0.2976978,0.24744561,-0.3649633,-0.66687477,0.38992357,-0.590065,-0.6404268,-1.5235534,-0.65300995,0.38880473
CWRU004174_S1,0.037497252,0.6031547,0.6422593,0.023562044,3.6086133,2.0509233,0.20592575,1.6997535,0.84492874,-0.26334235,0.03404832,2.0043478,1.9593652,-0.4762321,0.89708686,0.6258825
CWRU004175_S2,-0.55667603,0.45165855,1.7507968,-0.26797968,3.2422066,1.9305785,-0.2670868,-1.0212419,0.13350862,-0.18280768,-0.014757216,-1.2401273,1.5002892,0.13833153,0.22763604,-0.7707157
CWRU004176_S3,-0.9460353,-0.78367406,-0.09580177,-0.6057386,3.174581,1.735807,-0.8626594,0.49390912,-0.86146,-1.208575,-0.13766545,-0.073859826,-1.4061228,-0.5052762,0.52212965,0.6835292
CWRU004177_S4,-1.7165397,2.6607609,2.8116074,-0.6034953,3.3138485,2.5236187,0.20198025,0.52774954,-1.3204545,-0.43677717,1.8975,0.5471082,1.7315973,-0.6253246,0.13582683,-0.1486114
CWRU004178_S5,-0.56404877,-0.21309704,1.0947669,2.113522,3.0465536,0.8272726,-2.343967,-1.0363137,-0.2988191,0.4179462,2.0083137,-0.2792821,0.6563281,-0.6233189,-0.32211483,0.48245388
CWRU004179_S6,-1.8918289,1.1016865,1.5837519,0.08131386,2.800172,0.62534195,-1.6314383,0.54596263,0.2770421,-1.1652707,-0.6005167,-0.071638614,-0.40185195,-0.6680927,1.6896768,1.6977373
CWRU004180_S7,-1.0503309,0.72343117,1.0786483,-1.2438726,2.2577858,1.949215,-1.386741,-0.1915114,0.79522747,-1.8348627,0.15080932,1.3367783,-1.759478,-0.13828686,0.07691795,-0.08595478
CWRU004181_S8,-1.5204884,-0.38185602,0.8053522,-0.37469986,3.4325576,1.0839825,-0.26997748,1.2838653,0.49756986,0.49467444,-0.146002,0.5479166,-0.5377312,-0.3404661,0.324047,0.7679155
CWRU004182_S9,-1.1020285,-0.52891946,1.5541658,-1.214693,3.1095643,1.1387631,-0.3372653,1.1788597,1.2526327,-1.8138902,-0.5731448,1.2143306,-2.0013857,0.16715679,0.55248713,0.6319459
CWRU004183_S10,-0.7060058,0.664701,1.1554885,0.32935965,4.2645655,1.7970979,0.551955,0.12687176,-0.16752471,-1.4908812,-0.023513854,0.16890019,1.9906006,-0.5047924,1.7659583,-0.8386139
CWRU004184_S11,-0.75380373,1.784331,0.88292485,0.8296664,2.6129863,0.90930307,1.9594443,-1.0511909,-0.71869814,0.5879491,2.1472948,-0.6600586,1.8984139,0.9037848,0.98972714,0.8738452
CWRU004185_S12,0.90355814,-2.009173,1.0065674,0.3707047,3.4440165,-0.27375036,0.47903293,2.0583234,1.6779699,-0.89333296,2.0962493,0.50268215,2.2634192,-1.0022978,-1.0802785,-1.2252357
CWRU004186_S13,-2.8699512,-0.7955518,2.2092304,-0.79301155,3.4246857,0.9476296,-0.84795725,0.15939236,0.39345562,-1.0712636,0.3439388,0.95040536,-1.5395548,-0.6565022,1.5482624,-1.0970556
CWRU004187_S14,-1.8103687,-0.45677352,0.82081264,-0.5836408,3.244916,1.5888638,-1.9240389,0.58970886,0.7376637,-2.400537,0.3749821,0.14534207,-1.3863646,-0.80417216,0.60514563,1.0637681
